epoch,train_loss
0,0.5657270476154557
1,0.5657270476154557
2,0.5657270476154557
3,0.5657270476154557
4,0.5657270476154557
5,0.5657270476154557
6,0.5657270476154557
7,0.5657270476154557
8,0.5657270476154557
9,0.5657270476154557
10,0.5657270476154557
11,0.5657270476154557
12,0.5657270476154557
13,0.5657270476154557
14,0.5657270476154557
15,0.5657270476154557
16,0.5657270476154557
17,0.5657270476154557
18,0.5657270476154557
19,0.5657270476154557
20,0.5657270476154557
21,0.5657270476154557
22,0.5657270476154557
23,0.5657270476154557
24,0.5657270476154557
25,0.5657270476154557
26,0.5657270476154557
27,0.5657270476154557
28,0.5657270476154557
29,0.5657270476154557
30,0.5657270476154557
31,0.5657270476154557
32,0.5657270476154557
33,0.5657270476154557
34,0.5657270476154557
35,0.5657270476154557
36,0.5657270476154557
37,0.5657270476154557
38,0.5657270476154557
39,0.5657270476154557
40,0.5657270476154557
41,0.5657270476154557
42,0.5657270476154557
43,0.5657270476154557
44,0.5657270476154557
45,0.5657270476154557
46,0.5657270476154557
47,0.5657270476154557
48,0.5657270476154557
49,0.5657270476154557
50,0.5657270476154557
51,0.5657270476154557
52,0.5657270476154557
53,0.5657270476154557
54,0.5657270476154557
55,0.5657270476154557
56,0.5657270476154557
57,0.5657270476154557
58,0.5657270476154557
59,0.5657270476154557
60,0.5657270476154557
61,0.5657270476154557
62,0.5657270476154557
63,0.5657270476154557
64,0.5657270476154557
65,0.5657270476154557
66,0.5657270476154557
67,0.5657270476154557
68,0.5657270476154557
69,0.5657270476154557
70,0.5657270476154557
71,0.5657270476154557
72,0.5657270476154557
73,0.5657270476154557
74,0.5657270476154557
75,0.5657270476154557
76,0.5657270476154557
77,0.5657270476154557
78,0.5657270476154557
79,0.5657270476154557
80,0.5657270476154557
81,0.5657270476154557
82,0.5657270476154557
83,0.5657270476154557
84,0.5657270476154557
85,0.5657270476154557
86,0.5657270476154557
87,0.5657270476154557
88,0.5657270476154557
89,0.5657270476154557
90,0.5657270476154557
91,0.5657270476154557
92,0.5657270476154557
93,0.5657270476154557
94,0.5657270476154557
95,0.5657270476154557
96,0.5657270476154557
97,0.5657270476154557
98,0.5657270476154557
99,0.5657270476154557
100,0.5657270476154557
101,0.5657270476154557
102,0.5657270476154557
103,0.5657270476154557
104,0.5657270476154557
105,0.5657270476154557
106,0.5657270476154557
107,0.5657270476154557
108,0.5657270476154557
109,0.5657270476154557
110,0.5657270476154557
111,0.5657270476154557
112,0.5657270476154557
113,0.5657270476154557
114,0.5657270476154557
115,0.5657270476154557
116,0.5657270476154557
117,0.5657270476154557
118,0.5657270476154557
119,0.5657270476154557
120,0.5657270476154557
121,0.5657270476154557
122,0.5657270476154557
123,0.5657270476154557
124,0.5657270476154557
125,0.5657270476154557
126,0.5657270476154557
127,0.5657270476154557
128,0.5657270476154557
129,0.5657270476154557
130,0.5657270476154557
131,0.5657270476154557
132,0.5657270476154557
133,0.5657270476154557
134,0.5657270476154557
135,0.5657270476154557
136,0.5657270476154557
137,0.5657270476154557
138,0.5657270476154557
139,0.5657270476154557
140,0.5657270476154557
141,0.5657270476154557
142,0.5657270476154557
143,0.5657270476154557
144,0.5657270476154557
145,0.5657270476154557
146,0.5657270476154557
147,0.5657270476154557
148,0.5657270476154557
149,0.5657270476154557
150,0.5657270476154557
151,0.5657270476154557
152,0.5657270476154557
153,0.5657270476154557
154,0.5657270476154557
155,0.5657270476154557
156,0.5657270476154557
157,0.5657270476154557
158,0.5657270476154557
159,0.5657270476154557
160,0.5657270476154557
161,0.5657270476154557
162,0.5657270476154557
163,0.5657270476154557
164,0.5657270476154557
165,0.5657270476154557
166,0.5657270476154557
167,0.5657270476154557
168,0.5657270476154557
169,0.5657270476154557
170,0.5657270476154557
171,0.5657270476154557
172,0.5657270476154557
173,0.5657270476154557
174,0.5657270476154557
175,0.5657270476154557
176,0.5657270476154557
177,0.5657270476154557
178,0.5657270476154557
179,0.5657270476154557
180,0.5657270476154557
181,0.5657270476154557
182,0.5657270476154557
183,0.5657270476154557
184,0.5657270476154557
185,0.5657270476154557
186,0.5657270476154557
187,0.5657270476154557
188,0.5657270476154557
189,0.5657270476154557
190,0.5657270476154557
191,0.5657270476154557
192,0.5657270476154557
193,0.5657270476154557
194,0.5657270476154557
195,0.5657270476154557
196,0.5657270476154557
197,0.5657270476154557
198,0.5657270476154557
199,0.5657270476154557
200,0.5657270476154557
201,0.5657270476154557
202,0.5657270476154557
203,0.5657270476154557
204,0.5657270476154557
205,0.5657270476154557
206,0.5657270476154557
207,0.5657270476154557
208,0.5657270476154557
209,0.5657270476154557
210,0.5657270476154557
211,0.5657270476154557
212,0.5657270476154557
213,0.5657270476154557
214,0.5657270476154557
215,0.5657270476154557
216,0.5657270476154557
217,0.5657270476154557
218,0.5657270476154557
219,0.5657270476154557
220,0.5657270476154557
221,0.5657270476154557
222,0.5657270476154557
223,0.5657270476154557
224,0.5657270476154557
225,0.5657270476154557
226,0.5657270476154557
227,0.5657270476154557
228,0.5657270476154557
229,0.5657270476154557
230,0.5657270476154557
231,0.5657270476154557
232,0.5657270476154557
233,0.5657270476154557
234,0.5657270476154557
235,0.5657270476154557
236,0.5657270476154557
237,0.5657270476154557
238,0.5657270476154557
239,0.5657270476154557
240,0.5657270476154557
241,0.5657270476154557
242,0.5657270476154557
243,0.5657270476154557
244,0.5657270476154557
245,0.5657270476154557
246,0.5657270476154557
247,0.5657270476154557
248,0.5657270476154557
249,0.5657270476154557
250,0.5657270476154557
251,0.5657270476154557
252,0.5657270476154557
253,0.5657270476154557
254,0.5657270476154557
255,0.5657270476154557
256,0.5657270476154557
257,0.5657270476154557
258,0.5657270476154557
259,0.5657270476154557
260,0.5657270476154557
261,0.5657270476154557
262,0.5657270476154557
263,0.5657270476154557
264,0.5657270476154557
265,0.5657270476154557
266,0.5657270476154557
267,0.5657270476154557
268,0.5657270476154557
269,0.5657270476154557
270,0.5657270476154557
271,0.5657270476154557
272,0.5657270476154557
273,0.5657270476154557
274,0.5657270476154557
275,0.5657270476154557
276,0.5657270476154557
277,0.5657270476154557
278,0.5657270476154557
279,0.5657270476154557
280,0.5657270476154557
281,0.5657270476154557
282,0.5657270476154557
283,0.5657270476154557
284,0.5657270476154557
285,0.5657270476154557
286,0.5657270476154557
287,0.5657270476154557
288,0.5657270476154557
289,0.5657270476154557
290,0.5657270476154557
291,0.5657270476154557
292,0.5657270476154557
293,0.5657270476154557
294,0.5657270476154557
295,0.5657270476154557
296,0.5657270476154557
297,0.5657270476154557
298,0.5657270476154557
299,0.5657270476154557
300,0.5657270476154557
301,0.5657270476154557
302,0.5657270476154557
303,0.5657270476154557
304,0.5657270476154557
305,0.5657270476154557
306,0.5657270476154557
307,0.5657270476154557
308,0.5657270476154557
309,0.5657270476154557
310,0.5657270476154557
311,0.5657270476154557
312,0.5657270476154557
313,0.5657270476154557
314,0.5657270476154557
315,0.5657270476154557
316,0.5657270476154557
317,0.5657270476154557
318,0.5657270476154557
319,0.5657270476154557
320,0.5657270476154557
321,0.5657270476154557
322,0.5657270476154557
323,0.5657270476154557
324,0.5657270476154557
325,0.5657270476154557
326,0.5657270476154557
327,0.5657270476154557
328,0.5657270476154557
329,0.5657270476154557
330,0.5657270476154557
331,0.5657270476154557
332,0.5657270476154557
333,0.5657270476154557
334,0.5657270476154557
335,0.5657270476154557
336,0.5657270476154557
337,0.5657270476154557
338,0.5657270476154557
339,0.5657270476154557
340,0.5657270476154557
341,0.5657270476154557
342,0.5657270476154557
343,0.5657270476154557
344,0.5657270476154557
345,0.5657270476154557
346,0.5657270476154557
347,0.5657270476154557
348,0.5657270476154557
349,0.5657270476154557
350,0.5657270476154557
351,0.5657270476154557
352,0.5657270476154557
353,0.5657270476154557
354,0.5657270476154557
355,0.5657270476154557
356,0.5657270476154557
357,0.5657270476154557
358,0.5657270476154557
359,0.5657270476154557
360,0.5657270476154557
361,0.5657270476154557
362,0.5657270476154557
363,0.5657270476154557
364,0.5657270476154557
365,0.5657270476154557
366,0.5657270476154557
367,0.5657270476154557
368,0.5657270476154557
369,0.5657270476154557
370,0.5657270476154557
371,0.5657270476154557
372,0.5657270476154557
373,0.5657270476154557
374,0.5657270476154557
375,0.5657270476154557
376,0.5657270476154557
377,0.5657270476154557
378,0.5657270476154557
379,0.5657270476154557
380,0.5657270476154557
381,0.5657270476154557
382,0.5657270476154557
383,0.5657270476154557
384,0.5657270476154557
385,0.5657270476154557
386,0.5657270476154557
387,0.5657270476154557
388,0.5657270476154557
389,0.5657270476154557
390,0.5657270476154557
391,0.5657270476154557
392,0.5657270476154557
393,0.5657270476154557
394,0.5657270476154557
395,0.5657270476154557
396,0.5657270476154557
397,0.5657270476154557
398,0.5657270476154557
399,0.5657270476154557
400,0.5657270476154557
401,0.5657270476154557
402,0.5657270476154557
403,0.5657270476154557
404,0.5657270476154557
405,0.5657270476154557
406,0.5657270476154557
407,0.5657270476154557
408,0.5657270476154557
409,0.5657270476154557
410,0.5657270476154557
411,0.5657270476154557
412,0.5657270476154557
413,0.5657270476154557
414,0.5657270476154557
415,0.5657270476154557
416,0.5657270476154557
417,0.5657270476154557
418,0.5657270476154557
419,0.5657270476154557
420,0.5657270476154557
421,0.5657270476154557
422,0.5657270476154557
423,0.5657270476154557
424,0.5657270476154557
425,0.5657270476154557
426,0.5657270476154557
427,0.5657270476154557
428,0.5657270476154557
429,0.5657270476154557
430,0.5657270476154557
431,0.5657270476154557
432,0.5657270476154557
433,0.5657270476154557
434,0.5657270476154557
435,0.5657270476154557
436,0.5657270476154557
437,0.5657270476154557
438,0.5657270476154557
439,0.5657270476154557
440,0.5657270476154557
441,0.5657270476154557
442,0.5657270476154557
443,0.5657270476154557
444,0.5657270476154557
445,0.5657270476154557
446,0.5657270476154557
447,0.5657270476154557
448,0.5657270476154557
449,0.5657270476154557
450,0.5657270476154557
451,0.5657270476154557
452,0.5657270476154557
453,0.5657270476154557
454,0.5657270476154557
455,0.5657270476154557
456,0.5657270476154557
457,0.5657270476154557
458,0.5657270476154557
459,0.5657270476154557
460,0.5657270476154557
461,0.5657270476154557
462,0.5657270476154557
463,0.5657270476154557
464,0.5657270476154557
465,0.5657270476154557
466,0.5657270476154557
467,0.5657270476154557
468,0.5657270476154557
469,0.5657270476154557
470,0.5657270476154557
471,0.5657270476154557
472,0.5657270476154557
473,0.5657270476154557
474,0.5657270476154557
475,0.5657270476154557
476,0.5657270476154557
477,0.5657270476154557
478,0.5657270476154557
479,0.5657270476154557
480,0.5657270476154557
481,0.5657270476154557
482,0.5657270476154557
483,0.5657270476154557
484,0.5657270476154557
485,0.5657270476154557
486,0.5657270476154557
487,0.5657270476154557
488,0.5657270476154557
489,0.5657270476154557
490,0.5657270476154557
491,0.5657270476154557
492,0.5657270476154557
493,0.5657270476154557
494,0.5657270476154557
495,0.5657270476154557
496,0.5657270476154557
497,0.5657270476154557
498,0.5657270476154557
499,0.5657270476154557
500,0.5657270476154557
501,0.5657270476154557
502,0.5657270476154557
503,0.5657270476154557
504,0.5657270476154557
505,0.5657270476154557
506,0.5657270476154557
507,0.5657270476154557
508,0.5657270476154557
509,0.5657270476154557
510,0.5657270476154557
511,0.5657270476154557
512,0.5657270476154557
513,0.5657270476154557
514,0.5657270476154557
515,0.5657270476154557
516,0.5657270476154557
517,0.5657270476154557
518,0.5657270476154557
519,0.5657270476154557
520,0.5657270476154557
521,0.5657270476154557
522,0.5657270476154557
523,0.5657270476154557
524,0.5657270476154557
525,0.5657270476154557
526,0.5657270476154557
527,0.5657270476154557
528,0.5657270476154557
529,0.5657270476154557
530,0.5657270476154557
531,0.5657270476154557
532,0.5657270476154557
533,0.5657270476154557
534,0.5657270476154557
535,0.5657270476154557
536,0.5657270476154557
537,0.5657270476154557
538,0.5657270476154557
539,0.5657270476154557
540,0.5657270476154557
541,0.5657270476154557
542,0.5657270476154557
543,0.5657270476154557
544,0.5657270476154557
545,0.5657270476154557
546,0.5657270476154557
547,0.5657270476154557
548,0.5657270476154557
549,0.5657270476154557
550,0.5657270476154557
551,0.5657270476154557
552,0.5657270476154557
553,0.5657270476154557
554,0.5657270476154557
555,0.5657270476154557
556,0.5657270476154557
557,0.5657270476154557
558,0.5657270476154557
559,0.5657270476154557
560,0.5657270476154557
561,0.5657270476154557
562,0.5657270476154557
563,0.5657270476154557
564,0.5657270476154557
565,0.5657270476154557
566,0.5657270476154557
567,0.5657270476154557
568,0.5657270476154557
569,0.5657270476154557
570,0.5657270476154557
571,0.5657270476154557
572,0.5657270476154557
573,0.5657270476154557
574,0.5657270476154557
575,0.5657270476154557
576,0.5657270476154557
577,0.5657270476154557
578,0.5657270476154557
579,0.5657270476154557
580,0.5657270476154557
581,0.5657270476154557
582,0.5657270476154557
583,0.5657270476154557
584,0.5657270476154557
585,0.5657270476154557
586,0.5657270476154557
587,0.5657270476154557
588,0.5657270476154557
589,0.5657270476154557
590,0.5657270476154557
591,0.5657270476154557
592,0.5657270476154557
593,0.5657270476154557
594,0.5657270476154557
595,0.5657270476154557
596,0.5657270476154557
597,0.5657270476154557
598,0.5657270476154557
599,0.5657270476154557
600,0.5657270476154557
601,0.5657270476154557
602,0.5657270476154557
603,0.5657270476154557
604,0.5657270476154557
605,0.5657270476154557
606,0.5657270476154557
607,0.5657270476154557
608,0.5657270476154557
609,0.5657270476154557
610,0.5657270476154557
611,0.5657270476154557
612,0.5657270476154557
613,0.5657270476154557
614,0.5657270476154557
615,0.5657270476154557
616,0.5657270476154557
617,0.5657270476154557
618,0.5657270476154557
619,0.5657270476154557
620,0.5657270476154557
621,0.5657270476154557
622,0.5657270476154557
623,0.5657270476154557
624,0.5657270476154557
625,0.5657270476154557
626,0.5657270476154557
627,0.5657270476154557
628,0.5657270476154557
629,0.5657270476154557
630,0.5657270476154557
631,0.5657270476154557
632,0.5657270476154557
633,0.5657270476154557
634,0.5657270476154557
635,0.5657270476154557
636,0.5657270476154557
637,0.5657270476154557
638,0.5657270476154557
639,0.5657270476154557
640,0.5657270476154557
641,0.5657270476154557
642,0.5657270476154557
643,0.5657270476154557
644,0.5657270476154557
645,0.5657270476154557
646,0.5657270476154557
647,0.5657270476154557
648,0.5657270476154557
649,0.5657270476154557
650,0.5657270476154557
651,0.5657270476154557
652,0.5657270476154557
653,0.5657270476154557
654,0.5657270476154557
655,0.5657270476154557
656,0.5657270476154557
657,0.5657270476154557
658,0.5657270476154557
659,0.5657270476154557
660,0.5657270476154557
661,0.5657270476154557
662,0.5657270476154557
663,0.5657270476154557
664,0.5657270476154557
665,0.5657270476154557
666,0.5657270476154557
667,0.5657270476154557
668,0.5657270476154557
669,0.5657270476154557
670,0.5657270476154557
671,0.5657270476154557
672,0.5657270476154557
673,0.5657270476154557
674,0.5657270476154557
675,0.5657270476154557
676,0.5657270476154557
677,0.5657270476154557
678,0.5657270476154557
679,0.5657270476154557
680,0.5657270476154557
681,0.5657270476154557
682,0.5657270476154557
683,0.5657270476154557
684,0.5657270476154557
685,0.5657270476154557
686,0.5657270476154557
687,0.5657270476154557
688,0.5657270476154557
689,0.5657270476154557
690,0.5657270476154557
691,0.5657270476154557
692,0.5657270476154557
693,0.5657270476154557
694,0.5657270476154557
695,0.5657270476154557
696,0.5657270476154557
697,0.5657270476154557
698,0.5657270476154557
699,0.5657270476154557
700,0.5657270476154557
701,0.5657270476154557
702,0.5657270476154557
703,0.5657270476154557
704,0.5657270476154557
705,0.5657270476154557
706,0.5657270476154557
707,0.5657270476154557
708,0.5657270476154557
709,0.5657270476154557
710,0.5657270476154557
711,0.5657270476154557
712,0.5657270476154557
713,0.5657270476154557
714,0.5657270476154557
715,0.5657270476154557
716,0.5657270476154557
717,0.5657270476154557
718,0.5657270476154557
719,0.5657270476154557
720,0.5657270476154557
721,0.5657270476154557
722,0.5657270476154557
723,0.5657270476154557
724,0.5657270476154557
725,0.5657270476154557
726,0.5657270476154557
727,0.5657270476154557
728,0.5657270476154557
729,0.5657270476154557
730,0.5657270476154557
731,0.5657270476154557
732,0.5657270476154557
733,0.5657270476154557
734,0.5657270476154557
735,0.5657270476154557
736,0.5657270476154557
737,0.5657270476154557
738,0.5657270476154557
739,0.5657270476154557
740,0.5657270476154557
741,0.5657270476154557
742,0.5657270476154557
743,0.5657270476154557
744,0.5657270476154557
745,0.5657270476154557
746,0.5657270476154557
747,0.5657270476154557
748,0.5657270476154557
749,0.5657270476154557
750,0.5657270476154557
751,0.5657270476154557
752,0.5657270476154557
753,0.5657270476154557
754,0.5657270476154557
755,0.5657270476154557
756,0.5657270476154557
757,0.5657270476154557
758,0.5657270476154557
759,0.5657270476154557
760,0.5657270476154557
761,0.5657270476154557
762,0.5657270476154557
763,0.5657270476154557
764,0.5657270476154557
765,0.5657270476154557
766,0.5657270476154557
767,0.5657270476154557
768,0.5657270476154557
769,0.5657270476154557
770,0.5657270476154557
771,0.5657270476154557
772,0.5657270476154557
773,0.5657270476154557
774,0.5657270476154557
775,0.5657270476154557
776,0.5657270476154557
777,0.5657270476154557
778,0.5657270476154557
779,0.5657270476154557
780,0.5657270476154557
781,0.5657270476154557
782,0.5657270476154557
783,0.5657270476154557
784,0.5657270476154557
785,0.5657270476154557
786,0.5657270476154557
787,0.5657270476154557
788,0.5657270476154557
789,0.5657270476154557
790,0.5657270476154557
791,0.5657270476154557
792,0.5657270476154557
793,0.5657270476154557
794,0.5657270476154557
795,0.5657270476154557
796,0.5657270476154557
797,0.5657270476154557
798,0.5657270476154557
799,0.5657270476154557
800,0.5657270476154557
801,0.5657270476154557
802,0.5657270476154557
803,0.5657270476154557
804,0.5657270476154557
805,0.5657270476154557
806,0.5657270476154557
807,0.5657270476154557
808,0.5657270476154557
809,0.5657270476154557
810,0.5657270476154557
811,0.5657270476154557
812,0.5657270476154557
813,0.5657270476154557
814,0.5657270476154557
815,0.5657270476154557
816,0.5657270476154557
817,0.5657270476154557
818,0.5657270476154557
819,0.5657270476154557
820,0.5657270476154557
821,0.5657270476154557
822,0.5657270476154557
823,0.5657270476154557
824,0.5657270476154557
825,0.5657270476154557
826,0.5657270476154557
827,0.5657270476154557
828,0.5657270476154557
829,0.5657270476154557
830,0.5657270476154557
831,0.5657270476154557
832,0.5657270476154557
833,0.5657270476154557
834,0.5657270476154557
835,0.5657270476154557
836,0.5657270476154557
837,0.5657270476154557
838,0.5657270476154557
839,0.5657270476154557
840,0.5657270476154557
841,0.5657270476154557
842,0.5657270476154557
843,0.5657270476154557
844,0.5657270476154557
845,0.5657270476154557
846,0.5657270476154557
847,0.5657270476154557
848,0.5657270476154557
849,0.5657270476154557
850,0.5657270476154557
851,0.5657270476154557
852,0.5657270476154557
853,0.5657270476154557
854,0.5657270476154557
855,0.5657270476154557
856,0.5657270476154557
857,0.5657270476154557
858,0.5657270476154557
859,0.5657270476154557
860,0.5657270476154557
861,0.5657270476154557
862,0.5657270476154557
863,0.5657270476154557
864,0.5657270476154557
865,0.5657270476154557
866,0.5657270476154557
867,0.5657270476154557
868,0.5657270476154557
869,0.5657270476154557
870,0.5657270476154557
871,0.5657270476154557
872,0.5657270476154557
873,0.5657270476154557
874,0.5657270476154557
875,0.5657270476154557
876,0.5657270476154557
877,0.5657270476154557
878,0.5657270476154557
879,0.5657270476154557
880,0.5657270476154557
881,0.5657270476154557
882,0.5657270476154557
883,0.5657270476154557
884,0.5657270476154557
885,0.5657270476154557
886,0.5657270476154557
887,0.5657270476154557
888,0.5657270476154557
889,0.5657270476154557
890,0.5657270476154557
891,0.5657270476154557
892,0.5657270476154557
893,0.5657270476154557
894,0.5657270476154557
895,0.5657270476154557
896,0.5657270476154557
897,0.5657270476154557
898,0.5657270476154557
899,0.5657270476154557
900,0.5657270476154557
901,0.5657270476154557
902,0.5657270476154557
903,0.5657270476154557
904,0.5657270476154557
905,0.5657270476154557
906,0.5657270476154557
907,0.5657270476154557
908,0.5657270476154557
909,0.5657270476154557
910,0.5657270476154557
911,0.5657270476154557
912,0.5657270476154557
913,0.5657270476154557
914,0.5657270476154557
915,0.5657270476154557
916,0.5657270476154557
917,0.5657270476154557
918,0.5657270476154557
919,0.5657270476154557
920,0.5657270476154557
921,0.5657270476154557
922,0.5657270476154557
923,0.5657270476154557
924,0.5657270476154557
925,0.5657270476154557
926,0.5657270476154557
927,0.5657270476154557
928,0.5657270476154557
929,0.5657270476154557
930,0.5657270476154557
931,0.5657270476154557
932,0.5657270476154557
933,0.5657270476154557
934,0.5657270476154557
935,0.5657270476154557
936,0.5657270476154557
937,0.5657270476154557
938,0.5657270476154557
939,0.5657270476154557
940,0.5657270476154557
941,0.5657270476154557
942,0.5657270476154557
943,0.5657270476154557
944,0.5657270476154557
945,0.5657270476154557
946,0.5657270476154557
947,0.5657270476154557
948,0.5657270476154557
949,0.5657270476154557
950,0.5657270476154557
951,0.5657270476154557
952,0.5657270476154557
953,0.5657270476154557
954,0.5657270476154557
955,0.5657270476154557
956,0.5657270476154557
957,0.5657270476154557
958,0.5657270476154557
959,0.5657270476154557
960,0.5657270476154557
961,0.5657270476154557
962,0.5657270476154557
963,0.5657270476154557
964,0.5657270476154557
965,0.5657270476154557
966,0.5657270476154557
967,0.5657270476154557
968,0.5657270476154557
969,0.5657270476154557
970,0.5657270476154557
971,0.5657270476154557
972,0.5657270476154557
973,0.5657270476154557
974,0.5657270476154557
975,0.5657270476154557
976,0.5657270476154557
977,0.5657270476154557
978,0.5657270476154557
979,0.5657270476154557
980,0.5657270476154557
981,0.5657270476154557
982,0.5657270476154557
983,0.5657270476154557
984,0.5657270476154557
985,0.5657270476154557
986,0.5657270476154557
987,0.5657270476154557
988,0.5657270476154557
989,0.5657270476154557
990,0.5657270476154557
991,0.5657270476154557
992,0.5657270476154557
993,0.5657270476154557
994,0.5657270476154557
995,0.5657270476154557
996,0.5657270476154557
997,0.5657270476154557
998,0.5657270476154557
999,0.5657270476154557
1000,0.5657270476154557
1001,0.5657270476154557
1002,0.5657270476154557
1003,0.5657270476154557
1004,0.5657270476154557
1005,0.5657270476154557
1006,0.5657270476154557
1007,0.5657270476154557
1008,0.5657270476154557
1009,0.5657270476154557
1010,0.5657270476154557
1011,0.5657270476154557
1012,0.5657270476154557
1013,0.5657270476154557
1014,0.5657270476154557
1015,0.5657270476154557
1016,0.5657270476154557
1017,0.5657270476154557
1018,0.5657270476154557
1019,0.5657270476154557
1020,0.5657270476154557
1021,0.5657270476154557
1022,0.5657270476154557
1023,0.5657270476154557
1024,0.5657270476154557
1025,0.5657270476154557
1026,0.5657270476154557
1027,0.5657270476154557
1028,0.5657270476154557
1029,0.5657270476154557
1030,0.5657270476154557
1031,0.5657270476154557
1032,0.5657270476154557
1033,0.5657270476154557
1034,0.5657270476154557
1035,0.5657270476154557
1036,0.5657270476154557
1037,0.5657270476154557
1038,0.5657270476154557
1039,0.5657270476154557
1040,0.5657270476154557
1041,0.5657270476154557
1042,0.5657270476154557
1043,0.5657270476154557
1044,0.5657270476154557
1045,0.5657270476154557
1046,0.5657270476154557
1047,0.5657270476154557
1048,0.5657270476154557
1049,0.5657270476154557
1050,0.5657270476154557
1051,0.5657270476154557
1052,0.5657270476154557
1053,0.5657270476154557
1054,0.5657270476154557
1055,0.5657270476154557
1056,0.5657270476154557
1057,0.5657270476154557
1058,0.5657270476154557
1059,0.5657270476154557
1060,0.5657270476154557
1061,0.5657270476154557
1062,0.5657270476154557
1063,0.5657270476154557
1064,0.5657270476154557
1065,0.5657270476154557
1066,0.5657270476154557
1067,0.5657270476154557
1068,0.5657270476154557
1069,0.5657270476154557
1070,0.5657270476154557
1071,0.5657270476154557
1072,0.5657270476154557
1073,0.5657270476154557
1074,0.5657270476154557
1075,0.5657270476154557
1076,0.5657270476154557
1077,0.5657270476154557
1078,0.5657270476154557
1079,0.5657270476154557
1080,0.5657270476154557
1081,0.5657270476154557
1082,0.5657270476154557
1083,0.5657270476154557
1084,0.5657270476154557
1085,0.5657270476154557
1086,0.5657270476154557
1087,0.5657270476154557
1088,0.5657270476154557
1089,0.5657270476154557
1090,0.5657270476154557
1091,0.5657270476154557
1092,0.5657270476154557
1093,0.5657270476154557
1094,0.5657270476154557
1095,0.5657270476154557
1096,0.5657270476154557
1097,0.5657270476154557
1098,0.5657270476154557
1099,0.5657270476154557
1100,0.5657270476154557
1101,0.5657270476154557
1102,0.5657270476154557
1103,0.5657270476154557
1104,0.5657270476154557
1105,0.5657270476154557
1106,0.5657270476154557
1107,0.5657270476154557
1108,0.5657270476154557
1109,0.5657270476154557
1110,0.5657270476154557
1111,0.5657270476154557
1112,0.5657270476154557
1113,0.5657270476154557
1114,0.5657270476154557
1115,0.5657270476154557
1116,0.5657270476154557
1117,0.5657270476154557
1118,0.5657270476154557
1119,0.5657270476154557
1120,0.5657270476154557
1121,0.5657270476154557
1122,0.5657270476154557
1123,0.5657270476154557
1124,0.5657270476154557
1125,0.5657270476154557
1126,0.5657270476154557
1127,0.5657270476154557
1128,0.5657270476154557
1129,0.5657270476154557
1130,0.5657270476154557
1131,0.5657270476154557
1132,0.5657270476154557
1133,0.5657270476154557
1134,0.5657270476154557
1135,0.5657270476154557
1136,0.5657270476154557
1137,0.5657270476154557
1138,0.5657270476154557
1139,0.5657270476154557
1140,0.5657270476154557
1141,0.5657270476154557
1142,0.5657270476154557
1143,0.5657270476154557
1144,0.5657270476154557
1145,0.5657270476154557
1146,0.5657270476154557
1147,0.5657270476154557
1148,0.5657270476154557
1149,0.5657270476154557
1150,0.5657270476154557
1151,0.5657270476154557
1152,0.5657270476154557
1153,0.5657270476154557
1154,0.5657270476154557
1155,0.5657270476154557
1156,0.5657270476154557
1157,0.5657270476154557
1158,0.5657270476154557
1159,0.5657270476154557
1160,0.5657270476154557
1161,0.5657270476154557
1162,0.5657270476154557
1163,0.5657270476154557
1164,0.5657270476154557
1165,0.5657270476154557
1166,0.5657270476154557
1167,0.5657270476154557
1168,0.5657270476154557
1169,0.5657270476154557
1170,0.5657270476154557
1171,0.5657270476154557
1172,0.5657270476154557
1173,0.5657270476154557
1174,0.5657270476154557
1175,0.5657270476154557
1176,0.5657270476154557
1177,0.5657270476154557
1178,0.5657270476154557
1179,0.5657270476154557
1180,0.5657270476154557
1181,0.5657270476154557
1182,0.5657270476154557
1183,0.5657270476154557
1184,0.5657270476154557
1185,0.5657270476154557
1186,0.5657270476154557
1187,0.5657270476154557
1188,0.5657270476154557
1189,0.5657270476154557
1190,0.5657270476154557
1191,0.5657270476154557
1192,0.5657270476154557
1193,0.5657270476154557
1194,0.5657270476154557
1195,0.5657270476154557
1196,0.5657270476154557
1197,0.5657270476154557
1198,0.5657270476154557
1199,0.5657270476154557
1200,0.5657270476154557
1201,0.5657270476154557
1202,0.5657270476154557
1203,0.5657270476154557
1204,0.5657270476154557
1205,0.5657270476154557
1206,0.5657270476154557
1207,0.5657270476154557
1208,0.5657270476154557
1209,0.5657270476154557
1210,0.5657270476154557
1211,0.5657270476154557
1212,0.5657270476154557
1213,0.5657270476154557
1214,0.5657270476154557
1215,0.5657270476154557
1216,0.5657270476154557
1217,0.5657270476154557
1218,0.5657270476154557
1219,0.5657270476154557
1220,0.5657270476154557
1221,0.5657270476154557
1222,0.5657270476154557
1223,0.5657270476154557
1224,0.5657270476154557
1225,0.5657270476154557
1226,0.5657270476154557
1227,0.5657270476154557
1228,0.5657270476154557
1229,0.5657270476154557
1230,0.5657270476154557
1231,0.5657270476154557
1232,0.5657270476154557
1233,0.5657270476154557
1234,0.5657270476154557
1235,0.5657270476154557
1236,0.5657270476154557
1237,0.5657270476154557
1238,0.5657270476154557
1239,0.5657270476154557
1240,0.5657270476154557
1241,0.5657270476154557
1242,0.5657270476154557
1243,0.5657270476154557
1244,0.5657270476154557
1245,0.5657270476154557
1246,0.5657270476154557
1247,0.5657270476154557
1248,0.5657270476154557
1249,0.5657270476154557
1250,0.5657270476154557
1251,0.5657270476154557
1252,0.5657270476154557
1253,0.5657270476154557
1254,0.5657270476154557
1255,0.5657270476154557
1256,0.5657270476154557
1257,0.5657270476154557
1258,0.5657270476154557
1259,0.5657270476154557
1260,0.5657270476154557
1261,0.5657270476154557
1262,0.5657270476154557
1263,0.5657270476154557
1264,0.5657270476154557
1265,0.5657270476154557
1266,0.5657270476154557
1267,0.5657270476154557
1268,0.5657270476154557
1269,0.5657270476154557
1270,0.5657270476154557
1271,0.5657270476154557
1272,0.5657270476154557
1273,0.5657270476154557
1274,0.5657270476154557
1275,0.5657270476154557
1276,0.5657270476154557
1277,0.5657270476154557
1278,0.5657270476154557
1279,0.5657270476154557
1280,0.5657270476154557
1281,0.5657270476154557
1282,0.5657270476154557
1283,0.5657270476154557
1284,0.5657270476154557
1285,0.5657270476154557
1286,0.5657270476154557
1287,0.5657270476154557
1288,0.5657270476154557
1289,0.5657270476154557
1290,0.5657270476154557
1291,0.5657270476154557
1292,0.5657270476154557
1293,0.5657270476154557
1294,0.5657270476154557
1295,0.5657270476154557
1296,0.5657270476154557
1297,0.5657270476154557
1298,0.5657270476154557
1299,0.5657270476154557
1300,0.5657270476154557
1301,0.5657270476154557
1302,0.5657270476154557
1303,0.5657270476154557
1304,0.5657270476154557
1305,0.5657270476154557
1306,0.5657270476154557
1307,0.5657270476154557
1308,0.5657270476154557
1309,0.5657270476154557
1310,0.5657270476154557
1311,0.5657270476154557
1312,0.5657270476154557
1313,0.5657270476154557
1314,0.5657270476154557
1315,0.5657270476154557
1316,0.5657270476154557
1317,0.5657270476154557
1318,0.5657270476154557
1319,0.5657270476154557
1320,0.5657270476154557
1321,0.5657270476154557
1322,0.5657270476154557
1323,0.5657270476154557
1324,0.5657270476154557
1325,0.5657270476154557
1326,0.5657270476154557
1327,0.5657270476154557
1328,0.5657270476154557
1329,0.5657270476154557
1330,0.5657270476154557
1331,0.5657270476154557
1332,0.5657270476154557
1333,0.5657270476154557
1334,0.5657270476154557
1335,0.5657270476154557
1336,0.5657270476154557
1337,0.5657270476154557
1338,0.5657270476154557
1339,0.5657270476154557
1340,0.5657270476154557
1341,0.5657270476154557
1342,0.5657270476154557
1343,0.5657270476154557
1344,0.5657270476154557
1345,0.5657270476154557
1346,0.5657270476154557
1347,0.5657270476154557
1348,0.5657270476154557
1349,0.5657270476154557
1350,0.5657270476154557
1351,0.5657270476154557
1352,0.5657270476154557
1353,0.5657270476154557
1354,0.5657270476154557
1355,0.5657270476154557
1356,0.5657270476154557
1357,0.5657270476154557
1358,0.5657270476154557
1359,0.5657270476154557
1360,0.5657270476154557
1361,0.5657270476154557
1362,0.5657270476154557
1363,0.5657270476154557
1364,0.5657270476154557
1365,0.5657270476154557
1366,0.5657270476154557
1367,0.5657270476154557
1368,0.5657270476154557
1369,0.5657270476154557
1370,0.5657270476154557
1371,0.5657270476154557
1372,0.5657270476154557
1373,0.5657270476154557
1374,0.5657270476154557
1375,0.5657270476154557
1376,0.5657270476154557
1377,0.5657270476154557
1378,0.5657270476154557
1379,0.5657270476154557
1380,0.5657270476154557
1381,0.5657270476154557
1382,0.5657270476154557
1383,0.5657270476154557
1384,0.5657270476154557
1385,0.5657270476154557
1386,0.5657270476154557
1387,0.5657270476154557
1388,0.5657270476154557
1389,0.5657270476154557
1390,0.5657270476154557
1391,0.5657270476154557
1392,0.5657270476154557
1393,0.5657270476154557
1394,0.5657270476154557
1395,0.5657270476154557
1396,0.5657270476154557
1397,0.5657270476154557
1398,0.5657270476154557
1399,0.5657270476154557
1400,0.5657270476154557
1401,0.5657270476154557
1402,0.5657270476154557
1403,0.5657270476154557
1404,0.5657270476154557
1405,0.5657270476154557
1406,0.5657270476154557
1407,0.5657270476154557
1408,0.5657270476154557
1409,0.5657270476154557
1410,0.5657270476154557
1411,0.5657270476154557
1412,0.5657270476154557
1413,0.5657270476154557
1414,0.5657270476154557
1415,0.5657270476154557
1416,0.5657270476154557
1417,0.5657270476154557
1418,0.5657270476154557
1419,0.5657270476154557
1420,0.5657270476154557
1421,0.5657270476154557
1422,0.5657270476154557
1423,0.5657270476154557
1424,0.5657270476154557
1425,0.5657270476154557
1426,0.5657270476154557
1427,0.5657270476154557
1428,0.5657270476154557
1429,0.5657270476154557
1430,0.5657270476154557
1431,0.5657270476154557
1432,0.5657270476154557
1433,0.5657270476154557
1434,0.5657270476154557
1435,0.5657270476154557
1436,0.5657270476154557
1437,0.5657270476154557
1438,0.5657270476154557
1439,0.5657270476154557
1440,0.5657270476154557
1441,0.5657270476154557
1442,0.5657270476154557
1443,0.5657270476154557
1444,0.5657270476154557
1445,0.5657270476154557
1446,0.5657270476154557
1447,0.5657270476154557
1448,0.5657270476154557
1449,0.5657270476154557
1450,0.5657270476154557
1451,0.5657270476154557
1452,0.5657270476154557
1453,0.5657270476154557
1454,0.5657270476154557
1455,0.5657270476154557
1456,0.5657270476154557
1457,0.5657270476154557
1458,0.5657270476154557
1459,0.5657270476154557
1460,0.5657270476154557
1461,0.5657270476154557
1462,0.5657270476154557
1463,0.5657270476154557
1464,0.5657270476154557
1465,0.5657270476154557
1466,0.5657270476154557
1467,0.5657270476154557
1468,0.5657270476154557
1469,0.5657270476154557
1470,0.5657270476154557
1471,0.5657270476154557
1472,0.5657270476154557
1473,0.5657270476154557
1474,0.5657270476154557
1475,0.5657270476154557
1476,0.5657270476154557
1477,0.5657270476154557
1478,0.5657270476154557
1479,0.5657270476154557
1480,0.5657270476154557
1481,0.5657270476154557
1482,0.5657270476154557
1483,0.5657270476154557
1484,0.5657270476154557
1485,0.5657270476154557
1486,0.5657270476154557
1487,0.5657270476154557
1488,0.5657270476154557
1489,0.5657270476154557
1490,0.5657270476154557
1491,0.5657270476154557
1492,0.5657270476154557
1493,0.5657270476154557
1494,0.5657270476154557
1495,0.5657270476154557
1496,0.5657270476154557
1497,0.5657270476154557
1498,0.5657270476154557
1499,0.5657270476154557
1500,0.5657270476154557
1501,0.5657270476154557
1502,0.5657270476154557
1503,0.5657270476154557
1504,0.5657270476154557
1505,0.5657270476154557
1506,0.5657270476154557
1507,0.5657270476154557
1508,0.5657270476154557
1509,0.5657270476154557
1510,0.5657270476154557
1511,0.5657270476154557
1512,0.5657270476154557
1513,0.5657270476154557
1514,0.5657270476154557
1515,0.5657270476154557
1516,0.5657270476154557
1517,0.5657270476154557
1518,0.5657270476154557
1519,0.5657270476154557
1520,0.5657270476154557
1521,0.5657270476154557
1522,0.5657270476154557
1523,0.5657270476154557
1524,0.5657270476154557
1525,0.5657270476154557
1526,0.5657270476154557
1527,0.5657270476154557
1528,0.5657270476154557
1529,0.5657270476154557
1530,0.5657270476154557
1531,0.5657270476154557
1532,0.5657270476154557
1533,0.5657270476154557
1534,0.5657270476154557
1535,0.5657270476154557
1536,0.5657270476154557
1537,0.5657270476154557
1538,0.5657270476154557
1539,0.5657270476154557
1540,0.5657270476154557
1541,0.5657270476154557
1542,0.5657270476154557
1543,0.5657270476154557
1544,0.5657270476154557
1545,0.5657270476154557
1546,0.5657270476154557
1547,0.5657270476154557
1548,0.5657270476154557
1549,0.5657270476154557
1550,0.5657270476154557
1551,0.5657270476154557
1552,0.5657270476154557
1553,0.5657270476154557
1554,0.5657270476154557
1555,0.5657270476154557
1556,0.5657270476154557
1557,0.5657270476154557
1558,0.5657270476154557
1559,0.5657270476154557
1560,0.5657270476154557
1561,0.5657270476154557
1562,0.5657270476154557
1563,0.5657270476154557
1564,0.5657270476154557
1565,0.5657270476154557
1566,0.5657270476154557
1567,0.5657270476154557
1568,0.5657270476154557
1569,0.5657270476154557
1570,0.5657270476154557
1571,0.5657270476154557
1572,0.5657270476154557
1573,0.5657270476154557
1574,0.5657270476154557
1575,0.5657270476154557
1576,0.5657270476154557
1577,0.5657270476154557
1578,0.5657270476154557
1579,0.5657270476154557
1580,0.5657270476154557
1581,0.5657270476154557
1582,0.5657270476154557
1583,0.5657270476154557
1584,0.5657270476154557
1585,0.5657270476154557
1586,0.5657270476154557
1587,0.5657270476154557
1588,0.5657270476154557
1589,0.5657270476154557
1590,0.5657270476154557
1591,0.5657270476154557
1592,0.5657270476154557
1593,0.5657270476154557
1594,0.5657270476154557
1595,0.5657270476154557
1596,0.5657270476154557
1597,0.5657270476154557
1598,0.5657270476154557
1599,0.5657270476154557
1600,0.5657270476154557
1601,0.5657270476154557
1602,0.5657270476154557
1603,0.5657270476154557
1604,0.5657270476154557
1605,0.5657270476154557
1606,0.5657270476154557
1607,0.5657270476154557
1608,0.5657270476154557
1609,0.5657270476154557
1610,0.5657270476154557
1611,0.5657270476154557
1612,0.5657270476154557
1613,0.5657270476154557
1614,0.5657270476154557
1615,0.5657270476154557
1616,0.5657270476154557
1617,0.5657270476154557
1618,0.5657270476154557
1619,0.5657270476154557
1620,0.5657270476154557
1621,0.5657270476154557
1622,0.5657270476154557
1623,0.5657270476154557
1624,0.5657270476154557
1625,0.5657270476154557
1626,0.5657270476154557
1627,0.5657270476154557
1628,0.5657270476154557
1629,0.5657270476154557
1630,0.5657270476154557
1631,0.5657270476154557
1632,0.5657270476154557
1633,0.5657270476154557
1634,0.5657270476154557
1635,0.5657270476154557
1636,0.5657270476154557
1637,0.5657270476154557
1638,0.5657270476154557
1639,0.5657270476154557
1640,0.5657270476154557
1641,0.5657270476154557
1642,0.5657270476154557
1643,0.5657270476154557
1644,0.5657270476154557
1645,0.5657270476154557
1646,0.5657270476154557
1647,0.5657270476154557
1648,0.5657270476154557
1649,0.5657270476154557
1650,0.5657270476154557
1651,0.5657270476154557
1652,0.5657270476154557
1653,0.5657270476154557
1654,0.5657270476154557
1655,0.5657270476154557
1656,0.5657270476154557
1657,0.5657270476154557
1658,0.5657270476154557
1659,0.5657270476154557
1660,0.5657270476154557
1661,0.5657270476154557
1662,0.5657270476154557
1663,0.5657270476154557
1664,0.5657270476154557
1665,0.5657270476154557
1666,0.5657270476154557
1667,0.5657270476154557
1668,0.5657270476154557
1669,0.5657270476154557
1670,0.5657270476154557
1671,0.5657270476154557
1672,0.5657270476154557
1673,0.5657270476154557
1674,0.5657270476154557
1675,0.5657270476154557
1676,0.5657270476154557
1677,0.5657270476154557
1678,0.5657270476154557
1679,0.5657270476154557
1680,0.5657270476154557
1681,0.5657270476154557
1682,0.5657270476154557
1683,0.5657270476154557
1684,0.5657270476154557
1685,0.5657270476154557
1686,0.5657270476154557
1687,0.5657270476154557
1688,0.5657270476154557
1689,0.5657270476154557
1690,0.5657270476154557
1691,0.5657270476154557
1692,0.5657270476154557
1693,0.5657270476154557
1694,0.5657270476154557
1695,0.5657270476154557
1696,0.5657270476154557
1697,0.5657270476154557
1698,0.5657270476154557
1699,0.5657270476154557
1700,0.5657270476154557
1701,0.5657270476154557
1702,0.5657270476154557
1703,0.5657270476154557
1704,0.5657270476154557
1705,0.5657270476154557
1706,0.5657270476154557
1707,0.5657270476154557
1708,0.5657270476154557
1709,0.5657270476154557
1710,0.5657270476154557
1711,0.5657270476154557
1712,0.5657270476154557
1713,0.5657270476154557
1714,0.5657270476154557
1715,0.5657270476154557
1716,0.5657270476154557
1717,0.5657270476154557
1718,0.5657270476154557
1719,0.5657270476154557
1720,0.5657270476154557
1721,0.5657270476154557
1722,0.5657270476154557
1723,0.5657270476154557
1724,0.5657270476154557
1725,0.5657270476154557
1726,0.5657270476154557
1727,0.5657270476154557
1728,0.5657270476154557
1729,0.5657270476154557
1730,0.5657270476154557
1731,0.5657270476154557
1732,0.5657270476154557
1733,0.5657270476154557
1734,0.5657270476154557
1735,0.5657270476154557
1736,0.5657270476154557
1737,0.5657270476154557
1738,0.5657270476154557
1739,0.5657270476154557
1740,0.5657270476154557
1741,0.5657270476154557
1742,0.5657270476154557
1743,0.5657270476154557
1744,0.5657270476154557
1745,0.5657270476154557
1746,0.5657270476154557
1747,0.5657270476154557
1748,0.5657270476154557
1749,0.5657270476154557
1750,0.5657270476154557
1751,0.5657270476154557
1752,0.5657270476154557
1753,0.5657270476154557
1754,0.5657270476154557
1755,0.5657270476154557
1756,0.5657270476154557
1757,0.5657270476154557
1758,0.5657270476154557
1759,0.5657270476154557
1760,0.5657270476154557
1761,0.5657270476154557
1762,0.5657270476154557
1763,0.5657270476154557
1764,0.5657270476154557
1765,0.5657270476154557
1766,0.5657270476154557
1767,0.5657270476154557
1768,0.5657270476154557
1769,0.5657270476154557
1770,0.5657270476154557
1771,0.5657270476154557
1772,0.5657270476154557
1773,0.5657270476154557
1774,0.5657270476154557
1775,0.5657270476154557
1776,0.5657270476154557
1777,0.5657270476154557
1778,0.5657270476154557
1779,0.5657270476154557
1780,0.5657270476154557
1781,0.5657270476154557
1782,0.5657270476154557
1783,0.5657270476154557
1784,0.5657270476154557
1785,0.5657270476154557
1786,0.5657270476154557
1787,0.5657270476154557
1788,0.5657270476154557
1789,0.5657270476154557
1790,0.5657270476154557
1791,0.5657270476154557
1792,0.5657270476154557
1793,0.5657270476154557
1794,0.5657270476154557
1795,0.5657270476154557
1796,0.5657270476154557
1797,0.5657270476154557
1798,0.5657270476154557
1799,0.5657270476154557
1800,0.5657270476154557
1801,0.5657270476154557
1802,0.5657270476154557
1803,0.5657270476154557
1804,0.5657270476154557
1805,0.5657270476154557
1806,0.5657270476154557
1807,0.5657270476154557
1808,0.5657270476154557
1809,0.5657270476154557
1810,0.5657270476154557
1811,0.5657270476154557
1812,0.5657270476154557
1813,0.5657270476154557
1814,0.5657270476154557
1815,0.5657270476154557
1816,0.5657270476154557
1817,0.5657270476154557
1818,0.5657270476154557
1819,0.5657270476154557
1820,0.5657270476154557
1821,0.5657270476154557
1822,0.5657270476154557
1823,0.5657270476154557
1824,0.5657270476154557
1825,0.5657270476154557
1826,0.5657270476154557
1827,0.5657270476154557
1828,0.5657270476154557
1829,0.5657270476154557
1830,0.5657270476154557
1831,0.5657270476154557
1832,0.5657270476154557
1833,0.5657270476154557
1834,0.5657270476154557
1835,0.5657270476154557
1836,0.5657270476154557
1837,0.5657270476154557
1838,0.5657270476154557
1839,0.5657270476154557
1840,0.5657270476154557
1841,0.5657270476154557
1842,0.5657270476154557
1843,0.5657270476154557
1844,0.5657270476154557
1845,0.5657270476154557
1846,0.5657270476154557
1847,0.5657270476154557
1848,0.5657270476154557
1849,0.5657270476154557
1850,0.5657270476154557
1851,0.5657270476154557
1852,0.5657270476154557
1853,0.5657270476154557
1854,0.5657270476154557
1855,0.5657270476154557
1856,0.5657270476154557
1857,0.5657270476154557
1858,0.5657270476154557
1859,0.5657270476154557
1860,0.5657270476154557
1861,0.5657270476154557
1862,0.5657270476154557
1863,0.5657270476154557
1864,0.5657270476154557
1865,0.5657270476154557
1866,0.5657270476154557
1867,0.5657270476154557
1868,0.5657270476154557
1869,0.5657270476154557
1870,0.5657270476154557
1871,0.5657270476154557
1872,0.5657270476154557
1873,0.5657270476154557
1874,0.5657270476154557
1875,0.5657270476154557
1876,0.5657270476154557
1877,0.5657270476154557
1878,0.5657270476154557
1879,0.5657270476154557
1880,0.5657270476154557
1881,0.5657270476154557
1882,0.5657270476154557
1883,0.5657270476154557
1884,0.5657270476154557
1885,0.5657270476154557
1886,0.5657270476154557
1887,0.5657270476154557
1888,0.5657270476154557
1889,0.5657270476154557
1890,0.5657270476154557
1891,0.5657270476154557
1892,0.5657270476154557
1893,0.5657270476154557
1894,0.5657270476154557
1895,0.5657270476154557
1896,0.5657270476154557
1897,0.5657270476154557
1898,0.5657270476154557
1899,0.5657270476154557
1900,0.5657270476154557
1901,0.5657270476154557
1902,0.5657270476154557
1903,0.5657270476154557
1904,0.5657270476154557
1905,0.5657270476154557
1906,0.5657270476154557
1907,0.5657270476154557
1908,0.5657270476154557
1909,0.5657270476154557
1910,0.5657270476154557
1911,0.5657270476154557
1912,0.5657270476154557
1913,0.5657270476154557
1914,0.5657270476154557
1915,0.5657270476154557
1916,0.5657270476154557
1917,0.5657270476154557
1918,0.5657270476154557
1919,0.5657270476154557
1920,0.5657270476154557
1921,0.5657270476154557
1922,0.5657270476154557
1923,0.5657270476154557
1924,0.5657270476154557
1925,0.5657270476154557
1926,0.5657270476154557
1927,0.5657270476154557
1928,0.5657270476154557
1929,0.5657270476154557
1930,0.5657270476154557
1931,0.5657270476154557
1932,0.5657270476154557
1933,0.5657270476154557
1934,0.5657270476154557
1935,0.5657270476154557
1936,0.5657270476154557
1937,0.5657270476154557
1938,0.5657270476154557
1939,0.5657270476154557
1940,0.5657270476154557
1941,0.5657270476154557
1942,0.5657270476154557
1943,0.5657270476154557
1944,0.5657270476154557
1945,0.5657270476154557
1946,0.5657270476154557
1947,0.5657270476154557
1948,0.5657270476154557
1949,0.5657270476154557
1950,0.5657270476154557
1951,0.5657270476154557
1952,0.5657270476154557
1953,0.5657270476154557
1954,0.5657270476154557
1955,0.5657270476154557
1956,0.5657270476154557
1957,0.5657270476154557
1958,0.5657270476154557
1959,0.5657270476154557
1960,0.5657270476154557
1961,0.5657270476154557
1962,0.5657270476154557
1963,0.5657270476154557
1964,0.5657270476154557
1965,0.5657270476154557
1966,0.5657270476154557
1967,0.5657270476154557
1968,0.5657270476154557
1969,0.5657270476154557
1970,0.5657270476154557
1971,0.5657270476154557
1972,0.5657270476154557
1973,0.5657270476154557
1974,0.5657270476154557
1975,0.5657270476154557
1976,0.5657270476154557
1977,0.5657270476154557
1978,0.5657270476154557
1979,0.5657270476154557
1980,0.5657270476154557
1981,0.5657270476154557
1982,0.5657270476154557
1983,0.5657270476154557
1984,0.5657270476154557
1985,0.5657270476154557
1986,0.5657270476154557
1987,0.5657270476154557
1988,0.5657270476154557
1989,0.5657270476154557
1990,0.5657270476154557
1991,0.5657270476154557
1992,0.5657270476154557
1993,0.5657270476154557
1994,0.5657270476154557
1995,0.5657270476154557
1996,0.5657270476154557
1997,0.5657270476154557
1998,0.5657270476154557
1999,0.5657270476154557
2000,0.5657270476154557
2001,0.5657270476154557
2002,0.5657270476154557
2003,0.5657270476154557
2004,0.5657270476154557
2005,0.5657270476154557
2006,0.5657270476154557
2007,0.5657270476154557
2008,0.5657270476154557
2009,0.5657270476154557
2010,0.5657270476154557
2011,0.5657270476154557
2012,0.5657270476154557
2013,0.5657270476154557
2014,0.5657270476154557
2015,0.5657270476154557
2016,0.5657270476154557
2017,0.5657270476154557
2018,0.5657270476154557
2019,0.5657270476154557
2020,0.5657270476154557
2021,0.5657270476154557
2022,0.5657270476154557
2023,0.5657270476154557
2024,0.5657270476154557
2025,0.5657270476154557
2026,0.5657270476154557
2027,0.5657270476154557
2028,0.5657270476154557
2029,0.5657270476154557
2030,0.5657270476154557
2031,0.5657270476154557
2032,0.5657270476154557
2033,0.5657270476154557
2034,0.5657270476154557
2035,0.5657270476154557
2036,0.5657270476154557
2037,0.5657270476154557
2038,0.5657270476154557
2039,0.5657270476154557
2040,0.5657270476154557
2041,0.5657270476154557
2042,0.5657270476154557
2043,0.5657270476154557
2044,0.5657270476154557
2045,0.5657270476154557
2046,0.5657270476154557
2047,0.5657270476154557
2048,0.5657270476154557
2049,0.5657270476154557
2050,0.5657270476154557
2051,0.5657270476154557
2052,0.5657270476154557
2053,0.5657270476154557
2054,0.5657270476154557
2055,0.5657270476154557
2056,0.5657270476154557
2057,0.5657270476154557
2058,0.5657270476154557
2059,0.5657270476154557
2060,0.5657270476154557
2061,0.5657270476154557
2062,0.5657270476154557
2063,0.5657270476154557
2064,0.5657270476154557
2065,0.5657270476154557
2066,0.5657270476154557
2067,0.5657270476154557
2068,0.5657270476154557
2069,0.5657270476154557
2070,0.5657270476154557
2071,0.5657270476154557
2072,0.5657270476154557
2073,0.5657270476154557
2074,0.5657270476154557
2075,0.5657270476154557
2076,0.5657270476154557
2077,0.5657270476154557
2078,0.5657270476154557
2079,0.5657270476154557
2080,0.5657270476154557
2081,0.5657270476154557
2082,0.5657270476154557
2083,0.5657270476154557
2084,0.5657270476154557
2085,0.5657270476154557
2086,0.5657270476154557
2087,0.5657270476154557
2088,0.5657270476154557
2089,0.5657270476154557
2090,0.5657270476154557
2091,0.5657270476154557
2092,0.5657270476154557
2093,0.5657270476154557
2094,0.5657270476154557
2095,0.5657270476154557
2096,0.5657270476154557
2097,0.5657270476154557
2098,0.5657270476154557
2099,0.5657270476154557
2100,0.5657270476154557
2101,0.5657270476154557
2102,0.5657270476154557
2103,0.5657270476154557
2104,0.5657270476154557
2105,0.5657270476154557
2106,0.5657270476154557
2107,0.5657270476154557
2108,0.5657270476154557
2109,0.5657270476154557
2110,0.5657270476154557
2111,0.5657270476154557
2112,0.5657270476154557
2113,0.5657270476154557
2114,0.5657270476154557
2115,0.5657270476154557
2116,0.5657270476154557
2117,0.5657270476154557
2118,0.5657270476154557
2119,0.5657270476154557
2120,0.5657270476154557
2121,0.5657270476154557
2122,0.5657270476154557
2123,0.5657270476154557
2124,0.5657270476154557
2125,0.5657270476154557
2126,0.5657270476154557
2127,0.5657270476154557
2128,0.5657270476154557
2129,0.5657270476154557
2130,0.5657270476154557
2131,0.5657270476154557
2132,0.5657270476154557
2133,0.5657270476154557
2134,0.5657270476154557
2135,0.5657270476154557
2136,0.5657270476154557
2137,0.5657270476154557
2138,0.5657270476154557
2139,0.5657270476154557
2140,0.5657270476154557
2141,0.5657270476154557
2142,0.5657270476154557
2143,0.5657270476154557
2144,0.5657270476154557
2145,0.5657270476154557
2146,0.5657270476154557
2147,0.5657270476154557
2148,0.5657270476154557
2149,0.5657270476154557
2150,0.5657270476154557
2151,0.5657270476154557
2152,0.5657270476154557
2153,0.5657270476154557
2154,0.5657270476154557
2155,0.5657270476154557
2156,0.5657270476154557
2157,0.5657270476154557
2158,0.5657270476154557
2159,0.5657270476154557
2160,0.5657270476154557
2161,0.5657270476154557
2162,0.5657270476154557
2163,0.5657270476154557
2164,0.5657270476154557
2165,0.5657270476154557
2166,0.5657270476154557
2167,0.5657270476154557
2168,0.5657270476154557
2169,0.5657270476154557
2170,0.5657270476154557
2171,0.5657270476154557
2172,0.5657270476154557
2173,0.5657270476154557
2174,0.5657270476154557
2175,0.5657270476154557
2176,0.5657270476154557
2177,0.5657270476154557
2178,0.5657270476154557
2179,0.5657270476154557
2180,0.5657270476154557
2181,0.5657270476154557
2182,0.5657270476154557
2183,0.5657270476154557
2184,0.5657270476154557
2185,0.5657270476154557
2186,0.5657270476154557
2187,0.5657270476154557
2188,0.5657270476154557
2189,0.5657270476154557
2190,0.5657270476154557
2191,0.5657270476154557
2192,0.5657270476154557
2193,0.5657270476154557
2194,0.5657270476154557
2195,0.5657270476154557
2196,0.5657270476154557
2197,0.5657270476154557
2198,0.5657270476154557
2199,0.5657270476154557
2200,0.5657270476154557
2201,0.5657270476154557
2202,0.5657270476154557
2203,0.5657270476154557
2204,0.5657270476154557
2205,0.5657270476154557
2206,0.5657270476154557
2207,0.5657270476154557
2208,0.5657270476154557
2209,0.5657270476154557
2210,0.5657270476154557
2211,0.5657270476154557
2212,0.5657270476154557
2213,0.5657270476154557
2214,0.5657270476154557
2215,0.5657270476154557
2216,0.5657270476154557
2217,0.5657270476154557
2218,0.5657270476154557
2219,0.5657270476154557
2220,0.5657270476154557
2221,0.5657270476154557
2222,0.5657270476154557
2223,0.5657270476154557
2224,0.5657270476154557
2225,0.5657270476154557
2226,0.5657270476154557
2227,0.5657270476154557
2228,0.5657270476154557
2229,0.5657270476154557
2230,0.5657270476154557
2231,0.5657270476154557
2232,0.5657270476154557
2233,0.5657270476154557
2234,0.5657270476154557
2235,0.5657270476154557
2236,0.5657270476154557
2237,0.5657270476154557
2238,0.5657270476154557
2239,0.5657270476154557
2240,0.5657270476154557
2241,0.5657270476154557
2242,0.5657270476154557
2243,0.5657270476154557
2244,0.5657270476154557
2245,0.5657270476154557
2246,0.5657270476154557
2247,0.5657270476154557
2248,0.5657270476154557
2249,0.5657270476154557
2250,0.5657270476154557
2251,0.5657270476154557
2252,0.5657270476154557
2253,0.5657270476154557
2254,0.5657270476154557
2255,0.5657270476154557
2256,0.5657270476154557
2257,0.5657270476154557
2258,0.5657270476154557
2259,0.5657270476154557
2260,0.5657270476154557
2261,0.5657270476154557
2262,0.5657270476154557
2263,0.5657270476154557
2264,0.5657270476154557
2265,0.5657270476154557
2266,0.5657270476154557
2267,0.5657270476154557
2268,0.5657270476154557
2269,0.5657270476154557
2270,0.5657270476154557
2271,0.5657270476154557
2272,0.5657270476154557
2273,0.5657270476154557
2274,0.5657270476154557
2275,0.5657270476154557
2276,0.5657270476154557
2277,0.5657270476154557
2278,0.5657270476154557
2279,0.5657270476154557
2280,0.5657270476154557
2281,0.5657270476154557
2282,0.5657270476154557
2283,0.5657270476154557
2284,0.5657270476154557
2285,0.5657270476154557
2286,0.5657270476154557
2287,0.5657270476154557
2288,0.5657270476154557
2289,0.5657270476154557
2290,0.5657270476154557
2291,0.5657270476154557
2292,0.5657270476154557
2293,0.5657270476154557
2294,0.5657270476154557
2295,0.5657270476154557
2296,0.5657270476154557
2297,0.5657270476154557
2298,0.5657270476154557
2299,0.5657270476154557
2300,0.5657270476154557
2301,0.5657270476154557
2302,0.5657270476154557
2303,0.5657270476154557
2304,0.5657270476154557
2305,0.5657270476154557
2306,0.5657270476154557
2307,0.5657270476154557
2308,0.5657270476154557
2309,0.5657270476154557
2310,0.5657270476154557
2311,0.5657270476154557
2312,0.5657270476154557
2313,0.5657270476154557
2314,0.5657270476154557
2315,0.5657270476154557
2316,0.5657270476154557
2317,0.5657270476154557
2318,0.5657270476154557
2319,0.5657270476154557
2320,0.5657270476154557
2321,0.5657270476154557
2322,0.5657270476154557
2323,0.5657270476154557
2324,0.5657270476154557
2325,0.5657270476154557
2326,0.5657270476154557
2327,0.5657270476154557
2328,0.5657270476154557
2329,0.5657270476154557
2330,0.5657270476154557
2331,0.5657270476154557
2332,0.5657270476154557
2333,0.5657270476154557
2334,0.5657270476154557
2335,0.5657270476154557
2336,0.5657270476154557
2337,0.5657270476154557
2338,0.5657270476154557
2339,0.5657270476154557
2340,0.5657270476154557
2341,0.5657270476154557
2342,0.5657270476154557
2343,0.5657270476154557
2344,0.5657270476154557
2345,0.5657270476154557
2346,0.5657270476154557
2347,0.5657270476154557
2348,0.5657270476154557
2349,0.5657270476154557
2350,0.5657270476154557
2351,0.5657270476154557
2352,0.5657270476154557
2353,0.5657270476154557
2354,0.5657270476154557
2355,0.5657270476154557
2356,0.5657270476154557
2357,0.5657270476154557
2358,0.5657270476154557
2359,0.5657270476154557
2360,0.5657270476154557
2361,0.5657270476154557
2362,0.5657270476154557
2363,0.5657270476154557
2364,0.5657270476154557
2365,0.5657270476154557
2366,0.5657270476154557
2367,0.5657270476154557
2368,0.5657270476154557
2369,0.5657270476154557
2370,0.5657270476154557
2371,0.5657270476154557
2372,0.5657270476154557
2373,0.5657270476154557
2374,0.5657270476154557
2375,0.5657270476154557
2376,0.5657270476154557
2377,0.5657270476154557
2378,0.5657270476154557
2379,0.5657270476154557
2380,0.5657270476154557
2381,0.5657270476154557
2382,0.5657270476154557
2383,0.5657270476154557
2384,0.5657270476154557
2385,0.5657270476154557
2386,0.5657270476154557
2387,0.5657270476154557
2388,0.5657270476154557
2389,0.5657270476154557
2390,0.5657270476154557
2391,0.5657270476154557
2392,0.5657270476154557
2393,0.5657270476154557
2394,0.5657270476154557
2395,0.5657270476154557
2396,0.5657270476154557
2397,0.5657270476154557
2398,0.5657270476154557
2399,0.5657270476154557
2400,0.5657270476154557
2401,0.5657270476154557
2402,0.5657270476154557
2403,0.5657270476154557
2404,0.5657270476154557
2405,0.5657270476154557
2406,0.5657270476154557
2407,0.5657270476154557
2408,0.5657270476154557
2409,0.5657270476154557
2410,0.5657270476154557
2411,0.5657270476154557
2412,0.5657270476154557
2413,0.5657270476154557
2414,0.5657270476154557
2415,0.5657270476154557
2416,0.5657270476154557
2417,0.5657270476154557
2418,0.5657270476154557
2419,0.5657270476154557
2420,0.5657270476154557
2421,0.5657270476154557
2422,0.5657270476154557
2423,0.5657270476154557
2424,0.5657270476154557
2425,0.5657270476154557
2426,0.5657270476154557
2427,0.5657270476154557
2428,0.5657270476154557
2429,0.5657270476154557
2430,0.5657270476154557
2431,0.5657270476154557
2432,0.5657270476154557
2433,0.5657270476154557
2434,0.5657270476154557
2435,0.5657270476154557
2436,0.5657270476154557
2437,0.5657270476154557
2438,0.5657270476154557
2439,0.5657270476154557
2440,0.5657270476154557
2441,0.5657270476154557
2442,0.5657270476154557
2443,0.5657270476154557
2444,0.5657270476154557
2445,0.5657270476154557
2446,0.5657270476154557
2447,0.5657270476154557
2448,0.5657270476154557
2449,0.5657270476154557
2450,0.5657270476154557
2451,0.5657270476154557
2452,0.5657270476154557
2453,0.5657270476154557
2454,0.5657270476154557
2455,0.5657270476154557
2456,0.5657270476154557
2457,0.5657270476154557
2458,0.5657270476154557
2459,0.5657270476154557
2460,0.5657270476154557
2461,0.5657270476154557
2462,0.5657270476154557
2463,0.5657270476154557
2464,0.5657270476154557
2465,0.5657270476154557
2466,0.5657270476154557
2467,0.5657270476154557
2468,0.5657270476154557
2469,0.5657270476154557
2470,0.5657270476154557
2471,0.5657270476154557
2472,0.5657270476154557
2473,0.5657270476154557
2474,0.5657270476154557
2475,0.5657270476154557
2476,0.5657270476154557
2477,0.5657270476154557
2478,0.5657270476154557
2479,0.5657270476154557
2480,0.5657270476154557
2481,0.5657270476154557
2482,0.5657270476154557
2483,0.5657270476154557
2484,0.5657270476154557
2485,0.5657270476154557
2486,0.5657270476154557
2487,0.5657270476154557
2488,0.5657270476154557
2489,0.5657270476154557
2490,0.5657270476154557
2491,0.5657270476154557
2492,0.5657270476154557
2493,0.5657270476154557
2494,0.5657270476154557
2495,0.5657270476154557
2496,0.5657270476154557
2497,0.5657270476154557
2498,0.5657270476154557
2499,0.5657270476154557
2500,0.5657270476154557
2501,0.5657270476154557
2502,0.5657270476154557
2503,0.5657270476154557
2504,0.5657270476154557
2505,0.5657270476154557
2506,0.5657270476154557
2507,0.5657270476154557
2508,0.5657270476154557
2509,0.5657270476154557
2510,0.5657270476154557
2511,0.5657270476154557
2512,0.5657270476154557
2513,0.5657270476154557
2514,0.5657270476154557
2515,0.5657270476154557
2516,0.5657270476154557
2517,0.5657270476154557
2518,0.5657270476154557
2519,0.5657270476154557
2520,0.5657270476154557
2521,0.5657270476154557
2522,0.5657270476154557
2523,0.5657270476154557
2524,0.5657270476154557
2525,0.5657270476154557
2526,0.5657270476154557
2527,0.5657270476154557
2528,0.5657270476154557
2529,0.5657270476154557
2530,0.5657270476154557
2531,0.5657270476154557
2532,0.5657270476154557
2533,0.5657270476154557
2534,0.5657270476154557
2535,0.5657270476154557
2536,0.5657270476154557
2537,0.5657270476154557
2538,0.5657270476154557
2539,0.5657270476154557
2540,0.5657270476154557
2541,0.5657270476154557
2542,0.5657270476154557
2543,0.5657270476154557
2544,0.5657270476154557
2545,0.5657270476154557
2546,0.5657270476154557
2547,0.5657270476154557
2548,0.5657270476154557
2549,0.5657270476154557
2550,0.5657270476154557
2551,0.5657270476154557
2552,0.5657270476154557
2553,0.5657270476154557
2554,0.5657270476154557
2555,0.5657270476154557
2556,0.5657270476154557
2557,0.5657270476154557
2558,0.5657270476154557
2559,0.5657270476154557
2560,0.5657270476154557
2561,0.5657270476154557
2562,0.5657270476154557
2563,0.5657270476154557
2564,0.5657270476154557
2565,0.5657270476154557
2566,0.5657270476154557
2567,0.5657270476154557
2568,0.5657270476154557
2569,0.5657270476154557
2570,0.5657270476154557
2571,0.5657270476154557
2572,0.5657270476154557
2573,0.5657270476154557
2574,0.5657270476154557
2575,0.5657270476154557
2576,0.5657270476154557
2577,0.5657270476154557
2578,0.5657270476154557
2579,0.5657270476154557
2580,0.5657270476154557
2581,0.5657270476154557
2582,0.5657270476154557
2583,0.5657270476154557
2584,0.5657270476154557
2585,0.5657270476154557
2586,0.5657270476154557
2587,0.5657270476154557
2588,0.5657270476154557
2589,0.5657270476154557
2590,0.5657270476154557
2591,0.5657270476154557
2592,0.5657270476154557
2593,0.5657270476154557
2594,0.5657270476154557
2595,0.5657270476154557
2596,0.5657270476154557
2597,0.5657270476154557
2598,0.5657270476154557
2599,0.5657270476154557
2600,0.5657270476154557
2601,0.5657270476154557
2602,0.5657270476154557
2603,0.5657270476154557
2604,0.5657270476154557
2605,0.5657270476154557
2606,0.5657270476154557
2607,0.5657270476154557
2608,0.5657270476154557
2609,0.5657270476154557
2610,0.5657270476154557
2611,0.5657270476154557
2612,0.5657270476154557
2613,0.5657270476154557
2614,0.5657270476154557
2615,0.5657270476154557
2616,0.5657270476154557
2617,0.5657270476154557
2618,0.5657270476154557
2619,0.5657270476154557
2620,0.5657270476154557
2621,0.5657270476154557
2622,0.5657270476154557
2623,0.5657270476154557
2624,0.5657270476154557
2625,0.5657270476154557
2626,0.5657270476154557
2627,0.5657270476154557
2628,0.5657270476154557
2629,0.5657270476154557
2630,0.5657270476154557
2631,0.5657270476154557
2632,0.5657270476154557
2633,0.5657270476154557
2634,0.5657270476154557
2635,0.5657270476154557
2636,0.5657270476154557
2637,0.5657270476154557
2638,0.5657270476154557
2639,0.5657270476154557
2640,0.5657270476154557
2641,0.5657270476154557
2642,0.5657270476154557
2643,0.5657270476154557
2644,0.5657270476154557
2645,0.5657270476154557
2646,0.5657270476154557
2647,0.5657270476154557
2648,0.5657270476154557
2649,0.5657270476154557
2650,0.5657270476154557
2651,0.5657270476154557
2652,0.5657270476154557
2653,0.5657270476154557
2654,0.5657270476154557
2655,0.5657270476154557
2656,0.5657270476154557
2657,0.5657270476154557
2658,0.5657270476154557
2659,0.5657270476154557
2660,0.5657270476154557
2661,0.5657270476154557
2662,0.5657270476154557
2663,0.5657270476154557
2664,0.5657270476154557
2665,0.5657270476154557
2666,0.5657270476154557
2667,0.5657270476154557
2668,0.5657270476154557
2669,0.5657270476154557
2670,0.5657270476154557
2671,0.5657270476154557
2672,0.5657270476154557
2673,0.5657270476154557
2674,0.5657270476154557
2675,0.5657270476154557
2676,0.5657270476154557
2677,0.5657270476154557
2678,0.5657270476154557
2679,0.5657270476154557
2680,0.5657270476154557
2681,0.5657270476154557
2682,0.5657270476154557
2683,0.5657270476154557
2684,0.5657270476154557
2685,0.5657270476154557
2686,0.5657270476154557
2687,0.5657270476154557
2688,0.5657270476154557
2689,0.5657270476154557
2690,0.5657270476154557
2691,0.5657270476154557
2692,0.5657270476154557
2693,0.5657270476154557
2694,0.5657270476154557
2695,0.5657270476154557
2696,0.5657270476154557
2697,0.5657270476154557
2698,0.5657270476154557
2699,0.5657270476154557
2700,0.5657270476154557
2701,0.5657270476154557
2702,0.5657270476154557
2703,0.5657270476154557
2704,0.5657270476154557
2705,0.5657270476154557
2706,0.5657270476154557
2707,0.5657270476154557
2708,0.5657270476154557
2709,0.5657270476154557
2710,0.5657270476154557
2711,0.5657270476154557
2712,0.5657270476154557
2713,0.5657270476154557
2714,0.5657270476154557
2715,0.5657270476154557
2716,0.5657270476154557
2717,0.5657270476154557
2718,0.5657270476154557
2719,0.5657270476154557
2720,0.5657270476154557
2721,0.5657270476154557
2722,0.5657270476154557
2723,0.5657270476154557
2724,0.5657270476154557
2725,0.5657270476154557
2726,0.5657270476154557
2727,0.5657270476154557
2728,0.5657270476154557
2729,0.5657270476154557
2730,0.5657270476154557
2731,0.5657270476154557
2732,0.5657270476154557
2733,0.5657270476154557
2734,0.5657270476154557
2735,0.5657270476154557
2736,0.5657270476154557
2737,0.5657270476154557
2738,0.5657270476154557
2739,0.5657270476154557
2740,0.5657270476154557
2741,0.5657270476154557
2742,0.5657270476154557
2743,0.5657270476154557
2744,0.5657270476154557
2745,0.5657270476154557
2746,0.5657270476154557
2747,0.5657270476154557
2748,0.5657270476154557
2749,0.5657270476154557
2750,0.5657270476154557
2751,0.5657270476154557
2752,0.5657270476154557
2753,0.5657270476154557
2754,0.5657270476154557
2755,0.5657270476154557
2756,0.5657270476154557
2757,0.5657270476154557
2758,0.5657270476154557
2759,0.5657270476154557
2760,0.5657270476154557
2761,0.5657270476154557
2762,0.5657270476154557
2763,0.5657270476154557
2764,0.5657270476154557
2765,0.5657270476154557
2766,0.5657270476154557
2767,0.5657270476154557
2768,0.5657270476154557
2769,0.5657270476154557
2770,0.5657270476154557
2771,0.5657270476154557
2772,0.5657270476154557
2773,0.5657270476154557
2774,0.5657270476154557
2775,0.5657270476154557
2776,0.5657270476154557
2777,0.5657270476154557
2778,0.5657270476154557
2779,0.5657270476154557
2780,0.5657270476154557
2781,0.5657270476154557
2782,0.5657270476154557
2783,0.5657270476154557
2784,0.5657270476154557
2785,0.5657270476154557
2786,0.5657270476154557
2787,0.5657270476154557
2788,0.5657270476154557
2789,0.5657270476154557
2790,0.5657270476154557
2791,0.5657270476154557
2792,0.5657270476154557
2793,0.5657270476154557
2794,0.5657270476154557
2795,0.5657270476154557
2796,0.5657270476154557
2797,0.5657270476154557
2798,0.5657270476154557
2799,0.5657270476154557
2800,0.5657270476154557
2801,0.5657270476154557
2802,0.5657270476154557
2803,0.5657270476154557
2804,0.5657270476154557
2805,0.5657270476154557
2806,0.5657270476154557
2807,0.5657270476154557
2808,0.5657270476154557
2809,0.5657270476154557
2810,0.5657270476154557
2811,0.5657270476154557
2812,0.5657270476154557
2813,0.5657270476154557
2814,0.5657270476154557
2815,0.5657270476154557
2816,0.5657270476154557
2817,0.5657270476154557
2818,0.5657270476154557
2819,0.5657270476154557
2820,0.5657270476154557
2821,0.5657270476154557
2822,0.5657270476154557
2823,0.5657270476154557
2824,0.5657270476154557
2825,0.5657270476154557
2826,0.5657270476154557
2827,0.5657270476154557
2828,0.5657270476154557
2829,0.5657270476154557
2830,0.5657270476154557
2831,0.5657270476154557
2832,0.5657270476154557
2833,0.5657270476154557
2834,0.5657270476154557
2835,0.5657270476154557
2836,0.5657270476154557
2837,0.5657270476154557
2838,0.5657270476154557
2839,0.5657270476154557
2840,0.5657270476154557
2841,0.5657270476154557
2842,0.5657270476154557
2843,0.5657270476154557
2844,0.5657270476154557
2845,0.5657270476154557
2846,0.5657270476154557
2847,0.5657270476154557
2848,0.5657270476154557
2849,0.5657270476154557
2850,0.5657270476154557
2851,0.5657270476154557
2852,0.5657270476154557
2853,0.5657270476154557
2854,0.5657270476154557
2855,0.5657270476154557
2856,0.5657270476154557
2857,0.5657270476154557
2858,0.5657270476154557
2859,0.5657270476154557
2860,0.5657270476154557
2861,0.5657270476154557
2862,0.5657270476154557
2863,0.5657270476154557
2864,0.5657270476154557
2865,0.5657270476154557
2866,0.5657270476154557
2867,0.5657270476154557
2868,0.5657270476154557
2869,0.5657270476154557
2870,0.5657270476154557
2871,0.5657270476154557
2872,0.5657270476154557
2873,0.5657270476154557
2874,0.5657270476154557
2875,0.5657270476154557
2876,0.5657270476154557
2877,0.5657270476154557
2878,0.5657270476154557
2879,0.5657270476154557
2880,0.5657270476154557
2881,0.5657270476154557
2882,0.5657270476154557
2883,0.5657270476154557
2884,0.5657270476154557
2885,0.5657270476154557
2886,0.5657270476154557
2887,0.5657270476154557
2888,0.5657270476154557
2889,0.5657270476154557
2890,0.5657270476154557
2891,0.5657270476154557
2892,0.5657270476154557
2893,0.5657270476154557
2894,0.5657270476154557
2895,0.5657270476154557
2896,0.5657270476154557
2897,0.5657270476154557
2898,0.5657270476154557
2899,0.5657270476154557
2900,0.5657270476154557
2901,0.5657270476154557
2902,0.5657270476154557
2903,0.5657270476154557
2904,0.5657270476154557
2905,0.5657270476154557
2906,0.5657270476154557
2907,0.5657270476154557
2908,0.5657270476154557
2909,0.5657270476154557
2910,0.5657270476154557
2911,0.5657270476154557
2912,0.5657270476154557
2913,0.5657270476154557
2914,0.5657270476154557
2915,0.5657270476154557
2916,0.5657270476154557
2917,0.5657270476154557
2918,0.5657270476154557
2919,0.5657270476154557
2920,0.5657270476154557
2921,0.5657270476154557
2922,0.5657270476154557
2923,0.5657270476154557
2924,0.5657270476154557
2925,0.5657270476154557
2926,0.5657270476154557
2927,0.5657270476154557
2928,0.5657270476154557
2929,0.5657270476154557
2930,0.5657270476154557
2931,0.5657270476154557
2932,0.5657270476154557
2933,0.5657270476154557
2934,0.5657270476154557
2935,0.5657270476154557
2936,0.5657270476154557
2937,0.5657270476154557
2938,0.5657270476154557
2939,0.5657270476154557
2940,0.5657270476154557
2941,0.5657270476154557
2942,0.5657270476154557
2943,0.5657270476154557
2944,0.5657270476154557
2945,0.5657270476154557
2946,0.5657270476154557
2947,0.5657270476154557
2948,0.5657270476154557
2949,0.5657270476154557
2950,0.5657270476154557
2951,0.5657270476154557
2952,0.5657270476154557
2953,0.5657270476154557
2954,0.5657270476154557
2955,0.5657270476154557
2956,0.5657270476154557
2957,0.5657270476154557
2958,0.5657270476154557
2959,0.5657270476154557
2960,0.5657270476154557
2961,0.5657270476154557
2962,0.5657270476154557
2963,0.5657270476154557
2964,0.5657270476154557
2965,0.5657270476154557
2966,0.5657270476154557
2967,0.5657270476154557
2968,0.5657270476154557
2969,0.5657270476154557
2970,0.5657270476154557
2971,0.5657270476154557
2972,0.5657270476154557
2973,0.5657270476154557
2974,0.5657270476154557
2975,0.5657270476154557
2976,0.5657270476154557
2977,0.5657270476154557
2978,0.5657270476154557
2979,0.5657270476154557
2980,0.5657270476154557
2981,0.5657270476154557
2982,0.5657270476154557
2983,0.5657270476154557
2984,0.5657270476154557
2985,0.5657270476154557
2986,0.5657270476154557
2987,0.5657270476154557
2988,0.5657270476154557
2989,0.5657270476154557
2990,0.5657270476154557
2991,0.5657270476154557
2992,0.5657270476154557
2993,0.5657270476154557
2994,0.5657270476154557
2995,0.5657270476154557
2996,0.5657270476154557
2997,0.5657270476154557
2998,0.5657270476154557
2999,0.5657270476154557
