epoch,train_loss,train_acc
1,0.4306108925207699,0.5
2,0.43023506975723214,0.5
3,0.42985769844146526,0.5
4,0.42947903954146316,0.5
5,0.4290987805960347,0.5
6,0.4287169105087214,0.5
7,0.42833356608047746,0.5
8,0.4279481362995914,0.5
9,0.4275610688448874,0.5
10,0.42717214513130397,0.5
11,0.4267808254500425,0.5
12,0.42638745642484377,0.5
13,0.42599197755654616,0.5
14,0.42559378655332125,0.5
15,0.4251930239769939,0.5
16,0.4247896670212774,0.5
17,0.42438349681251175,0.5
18,0.42397402081777713,0.5
19,0.42356130258329916,0.5
20,0.4231453088926034,0.5
21,0.42272587935195904,0.5
22,0.4223027591224615,0.5
23,0.42187546054943104,0.5
24,0.42144400937773074,0.5
25,0.4210082333719445,0.5
26,0.4205679619088909,0.5
27,0.42012298449972185,0.5
28,0.4196730978436163,0.5
29,0.4192177989611072,0.5
30,0.4187568691281105,0.5
31,0.41829033478439515,0.5
32,0.41781791430963544,0.5
33,0.41733927332174536,0.5
34,0.4168541494873672,0.5
35,0.4163623846322504,0.5
36,0.41711851327218286,0.5
37,0.4166269071503672,0.5
38,0.4161280845888955,0.5
39,0.41562186997711814,0.5
40,0.4151077793867244,0.5
41,0.41458560420580337,0.5
42,0.41405519296816484,0.5
43,0.41351611147340783,0.5
44,0.4129680624952412,0.5
45,0.412410655385794,0.5
46,0.4118434825805797,0.5
47,0.41126648237107455,0.5
48,0.41067950381113993,0.5
49,0.4100820200043769,0.5
50,0.4094738043574693,0.5
51,0.4088547406293839,0.5
52,0.40822396810971195,0.5
53,0.407581204038459,0.5
54,0.40692673572601556,0.5
55,0.4062596818978217,0.5
56,0.4055802577159979,0.5
57,0.4048881075063355,0.5
58,0.4041825312432703,0.5
59,0.40346292239026926,0.5
60,0.40272953176958515,0.5
61,0.40198200818979535,0.5
62,0.4012203625619475,0.5
63,0.4004438484490467,0.5
64,0.39965226031323553,0.5
65,0.3988450050437722,0.5
66,0.398021981343033,0.5
67,0.3971835671281938,0.5
68,0.396329122073634,0.5
69,0.3954583099744071,0.5
70,0.3945703413136532,0.5
71,0.3936652748601306,0.5
72,0.3927437544076713,0.5
73,0.39180510495267473,0.5
74,0.3908490481930573,0.5
75,0.3898746076756252,0.5
76,0.3888822641526688,0.5
77,0.3878726438524147,0.5
78,0.3868448797565991,0.5
79,0.3857994689590001,0.5
80,0.3847345790133909,0.5
81,0.38365156358525043,0.5
82,0.3825507020747323,0.5
83,0.3814313623490131,0.5
84,0.3802945306769092,0.5
85,0.3791380643529645,0.5
86,0.37796357413544346,0.5
87,0.37677042022062945,0.5
88,0.37556029441908967,0.5
89,0.37433176356721765,0.5
90,0.37308642259606595,0.5
91,0.3718230320010818,0.5
92,0.37054158626961,0.5
93,0.3692431734882744,0.5
94,0.36792831413319016,0.5
95,0.36659748154292826,0.5
96,0.3652502991826858,0.5
97,0.3651567074891311,0.5
98,0.3638004388688505,0.5
99,0.3624299309604151,0.5
100,0.36104646436100385,0.5
101,0.3596487329743736,0.5
102,0.35823880935105556,0.5
103,0.3568173535811989,0.5
104,0.35538362701991266,0.5
105,0.35393935064083637,0.5
106,0.3524853489518911,0.5
107,0.35102244417775363,0.5
108,0.3495500120041406,0.5
109,0.34807020995425697,0.5
110,0.3465838444396492,0.5
111,0.3450918266216343,0.5
112,0.34359488482967127,0.5
113,0.34209362918404684,0.5
114,0.34058921145266385,0.5
115,0.33908001551135314,0.5
116,0.3375687126443583,0.5
117,0.336057280186572,0.5
118,0.3345470689490191,0.5
119,0.33303897054564047,0.5
120,0.33152889318205725,0.5
121,0.3300218537519286,0.5
122,0.32852002338498343,0.5
123,0.3270241130509155,0.5
124,0.32552782175686623,0.5
125,0.32404055923507347,0.5
126,0.32256328299600767,0.5
127,0.3210863722493986,0.5
128,0.31962185212709215,0.5
129,0.3181666106378609,0.5
130,0.31671612833316864,0.625
131,0.3152817999843994,0.625
132,0.3138524008731274,0.625
133,0.3124388518539418,0.625
134,0.31103493173771835,0.625
135,0.3096426428473009,0.625
136,0.3082643900894517,0.625
137,0.3068992918761424,0.625
138,0.3055473992747477,0.625
139,0.30420843843181355,0.625
140,0.30288453916026814,0.625
141,0.3015760425902889,0.625
142,0.3002780402115405,0.625
143,0.2990038089636996,0.625
144,0.2977330647753518,0.625
145,0.2964850282393354,0.625
146,0.2952491195658067,0.625
147,0.29402769922489924,0.625
148,0.2928279860730073,0.625
149,0.2916330012015158,0.625
150,0.29046027159114207,0.625
151,0.2893021935392236,0.625
152,0.28815473533179425,0.625
153,0.28702269176886785,0.625
154,0.2859109348371578,0.625
155,0.2848044934355154,0.625
156,0.28371654607261787,0.625
157,0.28264302022847376,0.625
158,0.2815819494358981,0.625
159,0.28053267200995624,0.625
160,0.27949629118971897,0.625
161,0.2784760339155907,0.625
162,0.27746338892800193,0.625
163,0.2764620175525875,0.625
164,0.27547563543041165,0.625
165,0.2744984845076832,0.625
166,0.2735308023520271,0.625
167,0.2725761848640512,0.625
168,0.27162796144225976,0.625
169,0.2706905981520884,0.625
170,0.26976606338798526,0.625
171,0.26884618714757647,0.625
172,0.2679337165088618,0.625
173,0.2670321800583918,0.625
174,0.2661403333630643,0.625
175,0.26525091625913,0.625
176,0.2643722003913772,0.625
177,0.2634989278724956,0.625
178,0.26263367461312337,0.625
179,0.26177177313412836,0.625
180,0.26091798349204354,0.625
181,0.26006923577947805,0.625
182,0.2592274510716225,0.625
183,0.25839027082393473,0.625
184,0.25755580660318333,0.625
185,0.2567274620673078,0.625
186,0.2559034145541391,0.625
187,0.255083679015188,0.625
188,0.25426896740746285,0.625
189,0.25345836490988294,0.625
190,0.252649436946234,0.625
191,0.25184409475266745,0.625
192,0.25104266748613013,0.625
193,0.25024493904866363,0.625
194,0.2494508403291813,0.625
195,0.24866001412974706,0.625
196,0.24787072862939796,0.625
197,0.24708306414849235,0.625
198,0.24629826723014558,0.625
199,0.24551639900805855,0.625
200,0.24473695778000704,0.625
201,0.24396042113702343,0.625
202,0.2431864376996895,0.625
203,0.24241467601872427,0.625
204,0.24164515434572945,0.625
205,0.2408754961518367,0.625
206,0.2401079516610856,0.625
207,0.23934223701650106,0.625
208,0.23857867796478718,0.625
209,0.23781736932110642,0.625
210,0.2370580865489971,0.625
211,0.23630096241107593,0.625
212,0.2355464043310365,0.625
213,0.2347942798277132,0.625
214,0.23404140121284478,0.625
215,0.2332909880611649,0.625
216,0.23379569832408142,0.625
217,0.2330658232499985,0.625
218,0.23233617613836824,0.625
219,0.23160669708165094,0.625
220,0.23088078442668503,0.625
221,0.23015894100145007,0.625
222,0.22943613121006926,0.625
223,0.22871581836808064,0.625
224,0.22800020063771,0.625
225,0.2272847567929446,0.625
226,0.2265708072353223,0.625
227,0.22586241245019448,0.625
228,0.2251528655170314,0.625
229,0.2244465099687849,0.625
230,0.22374588240983598,0.625
231,0.22304187668202127,0.625
232,0.22234489001971805,0.625
233,0.221647962325339,0.625
234,0.2209541322616733,0.625
235,0.22026444392239156,0.625
236,0.21957417288445313,0.625
237,0.21889156764893938,0.625
238,0.21820540600104377,0.625
239,0.2175297320169909,0.625
240,0.216848715011331,0.625
241,0.2161785056189972,0.625
242,0.21550325157462036,0.625
243,0.21483971263070245,0.625
244,0.21417020574804513,0.625
245,0.2135118925093538,0.625
246,0.21284863626523934,0.625
247,0.2121948860247379,0.625
248,0.21153934004967703,0.625
249,0.21088986437708535,0.625
250,0.210243820778786,0.625
251,0.20959823618615758,0.625
252,0.20896233570910708,0.625
253,0.2083206861100764,0.625
254,0.2076892804476529,0.625
255,0.20705808476886656,0.625
256,0.20642993260988185,0.625
257,0.2058126378505776,0.625
258,0.20518826318574546,0.625
259,0.20457355818175582,0.625
260,0.20396441051215433,0.625
261,0.2033521281702975,0.625
262,0.2027493484136449,0.625
263,0.20214968778656298,0.625
264,0.2015489415186065,0.625
265,0.20095772843186221,0.625
266,0.20031757961800725,0.75
267,0.19961699547454595,0.75
268,0.19893075230113244,0.75
269,0.1982382109494334,0.75
270,0.19755907140785234,0.75
271,0.1968855027941313,0.75
272,0.19621344114344255,0.75
273,0.19555489907575577,0.75
274,0.19489695654593453,0.75
275,0.19424477893897754,0.75
276,0.19360587873745863,0.75
277,0.1929650035269164,0.75
278,0.1923319819125683,0.75
279,0.19171120786856966,0.75
280,0.19109112964705968,0.75
281,0.19047615921266536,0.75
282,0.18987334376839782,0.75
283,0.18927718621955736,0.75
284,0.18867975084729027,0.75
285,0.18809420635401575,0.75
286,0.1875200615703303,0.75
287,0.18694601396402366,0.75
288,0.1863776404986958,0.75
289,0.18582026599642434,0.75
290,0.18527390576480107,0.75
291,0.1847253441687552,0.75
292,0.18418357695878243,0.75
293,0.18365241011690137,0.75
294,0.18313050512491905,0.75
295,0.18261220833099223,0.75
296,0.18209590746086216,0.75
297,0.18158844589137735,0.75
298,0.18109008525825454,0.75
299,0.18060085357125902,0.75
300,0.18011306314098063,0.75
301,0.1796284707730084,0.75
302,0.17915267737041618,0.75
303,0.17868587977317363,0.75
304,0.17822624994427064,0.75
305,0.1777735900116766,0.75
306,0.17731930141411237,0.75
307,0.17687272987589522,0.75
308,0.17643298820552444,0.75
309,0.17599981083360305,0.75
310,0.17557376767013955,0.75
311,0.17515419956379666,0.75
312,0.17473645592059497,0.75
313,0.1743217548342737,0.75
314,0.17391366938529063,0.75
315,0.17351114251968514,0.75
316,0.1731142306018244,0.75
317,0.17272284965964924,0.75
318,0.1723375689931618,0.75
319,0.1719573916402203,0.75
320,0.17157881050906676,0.75
321,0.1712036063304786,0.75
322,0.17083375214736643,0.75
323,0.17046833975723355,0.75
324,0.17010723571607367,0.75
325,0.1697503634603165,0.75
326,0.1693981807518502,0.75
327,0.16905053346298296,0.75
328,0.16870675879171215,0.75
329,0.16836665803193862,0.75
330,0.168029994952689,0.75
331,0.16769506889895427,0.75
332,0.1673635741187467,0.75
333,0.16703587730938063,0.75
334,0.16671166113263527,0.75
335,0.16639087718918558,0.75
336,0.1660742282530865,0.75
337,0.16576065984544575,0.75
338,0.1654501751053844,0.75
339,0.1651431363222874,0.75
340,0.16483921942862437,0.75
341,0.16453887200066908,0.75
342,0.16424078852281065,0.75
343,0.16394535531461152,0.75
344,0.16365314341224094,0.75
345,0.16336397337997335,0.75
346,0.16307833089920187,0.75
347,0.16279524977971072,0.75
348,0.16251295581291983,0.75
349,0.1622331998416403,0.75
350,0.16187445003220938,0.75
351,0.1615180186730778,0.75
352,0.1611666214925661,0.75
353,0.16081614663952737,0.75
354,0.16046981515776607,0.75
355,0.16012832008447486,0.75
356,0.15979245067762549,0.75
357,0.15946050465975617,0.75
358,0.1591333596425717,0.75
359,0.15881144951092685,0.75
360,0.15849353898543597,0.75
361,0.1581796229070016,0.75
362,0.1578682309960913,0.75
363,0.1575609798191172,0.75
364,0.15725596103664163,0.75
365,0.15695641033587807,0.75
366,0.15666135817884597,0.75
367,0.15636904979089095,0.75
368,0.15608130560466693,0.75
369,0.15579835065180847,0.75
370,0.15551756992993163,0.75
371,0.15524281226308548,0.75
372,0.15497055352920575,0.75
373,0.15470054652379572,0.75
374,0.15443354195905867,0.75
375,0.15416908732394496,0.75
376,0.15390924264280081,0.75
377,0.15365274904711992,0.75
378,0.15339991016937093,0.75
379,0.1531514832248596,0.75
380,0.1529056525971462,0.75
381,0.15266431837951633,0.75
382,0.15242511572814887,0.75
383,0.15219082490016023,0.75
384,0.15195770373158668,0.75
385,0.15173006116881638,0.75
386,0.15149168304488927,0.75
387,0.1512522090591164,0.75
388,0.15101574350307703,0.75
389,0.15078090582285297,0.75
390,0.1505519517514765,0.75
391,0.1503226821610354,0.75
392,0.1500986917701104,0.75
393,0.14987627774526582,0.75
394,0.14965614636904878,0.75
395,0.1494385122250305,0.75
396,0.14922387723955455,0.75
397,0.14901172847354138,0.75
398,0.1488014635887841,0.75
399,0.1485952945619197,0.75
400,0.14839046459957272,0.75
401,0.1481887372759838,0.75
402,0.14798968813315594,0.75
403,0.14779226295788186,0.75
404,0.14759543519495447,0.75
405,0.14740172908173635,0.75
406,0.1472111457796235,0.75
407,0.14702130967124882,0.75
408,0.14683546116716972,0.75
409,0.14665047824616684,0.75
410,0.14647054016386388,0.75
411,0.14628914618670985,0.75
412,0.14611219215900487,0.75
413,0.14593770821970964,0.75
414,0.1457646948491097,0.75
415,0.1455961111113867,0.75
416,0.14542570399352295,0.75
417,0.14526171687300282,0.75
418,0.14509834743267505,0.75
419,0.1449364207239228,0.75
420,0.14477709307535158,0.75
421,0.14461635739371262,0.75
422,0.1444605838083498,0.75
423,0.14430755145188023,0.75
424,0.14415328114327167,0.75
425,0.14400326929995533,0.75
426,0.1438557783719021,0.75
427,0.14370855260101736,0.75
428,0.14356551336817758,0.75
429,0.14342250533904413,0.75
430,0.1432790355443455,0.75
431,0.14314031251454973,0.75
432,0.14300361984358237,0.75
433,0.14286655929477576,0.75
434,0.14273325081228652,0.75
435,0.14260248991405702,0.75
436,0.14247000467938342,0.75
437,0.1423422362006104,0.75
438,0.14221864893079206,0.75
439,0.14209282482598942,0.75
440,0.14196908544410383,0.75
441,0.14184688067091056,0.75
442,0.14172591835260306,0.75
443,0.1416040724750152,0.75
444,0.1414867274109214,0.75
445,0.14137273381363047,0.75
446,0.14125782095525552,0.75
447,0.14114358814841968,0.75
448,0.14103258402611873,0.75
449,0.14092458911703823,0.75
450,0.1408150497062242,0.75
451,0.1407079681196242,0.75
452,0.14060397544857883,0.75
453,0.1405028626964754,0.75
454,0.1404010085947731,0.75
455,0.14029928773772118,0.75
456,0.1402004776055389,0.75
457,0.1401045335324417,0.75
458,0.14001004220792548,0.75
459,0.1399140376073712,0.75
460,0.1398202179262529,0.75
461,0.1397273767570001,0.75
462,0.13963707327604238,0.75
463,0.13954615371655577,0.75
464,0.13945476365973353,0.75
465,0.1393659716398327,0.75
466,0.13927960610279513,0.75
467,0.13919560316493776,0.75
468,0.13911096300759695,0.75
469,0.13902687404578343,0.75
470,0.13894518772783085,0.75
471,0.13886583506430394,0.75
472,0.13878874582383083,0.75
473,0.13871307044993167,0.75
474,0.13863456325486645,0.75
475,0.1385582426453226,0.75
476,0.13848388577097728,0.75
477,0.13841113537964114,0.75
478,0.13834043976302857,0.75
479,0.13827006454242133,0.75
480,0.13819791246969518,0.75
481,0.13812605287034319,0.75
482,0.13805594692398962,0.75
483,0.1379877086295258,0.75
484,0.13792138154480527,0.75
485,0.1378568733433624,0.75
486,0.13778905477565953,0.75
487,0.13772284681575556,0.75
488,0.13765840615090819,0.75
489,0.13759567534005168,0.75
490,0.13753476784676746,0.75
491,0.13747535270048053,0.75
492,0.1374175321169723,0.75
493,0.1373563263543435,0.75
494,0.13729683918369642,0.75
495,0.13723874538290437,0.75
496,0.13718311629085644,0.75
497,0.13712893891596256,0.75
498,0.13707633248838125,0.75
499,0.13702510589630237,0.75
500,0.1369738360583509,0.75
501,0.13692084692729012,0.75
502,0.13686924594455274,0.75
503,0.13681699237191305,0.75
504,0.13676551555631203,0.75
505,0.1367153548975334,0.75
506,0.1366665089419441,0.75
507,0.1366189215283119,0.75
508,0.13657261050689717,0.75
509,0.13652419521507897,0.75
510,0.13647602237813164,0.75
511,0.13642902556811756,0.75
512,0.13638318827069754,0.75
513,0.13633840322796376,0.75
514,0.13629486857782525,0.75
515,0.13625237298027773,0.75
516,0.1362110025324751,0.75
517,0.13617116621515604,0.75
518,0.136132348691954,0.75
519,0.13609066089362765,0.75
520,0.13605002967584592,0.75
521,0.13601036498454414,0.75
522,0.13597172689366444,0.75
523,0.13593410830943997,0.75
524,0.13589739092511277,0.75
525,0.1358616299807186,0.75
526,0.13582679203494685,0.75
527,0.13579286034039328,0.75
528,0.13575880962206166,0.75
529,0.13572428026856498,0.75
530,0.13568796838059838,0.75
531,0.13565173895025054,0.75
532,0.13561616429948511,0.75
533,0.13558161018677797,0.75
534,0.1355476941858852,0.75
535,0.13551459444598324,0.75
536,0.13548229885044585,0.75
537,0.13545072855716334,0.75
538,0.13541990996066747,0.75
539,0.13538986646908135,0.75
540,0.1353606264143439,0.75
541,0.13533202207572215,0.75
542,0.13530406906116857,0.75
543,0.13527531373260493,0.75
544,0.13524556799219004,0.75
545,0.13521659076304504,0.75
546,0.13518825413849012,0.75
547,0.13516041251174937,0.75
548,0.13513329535111762,0.75
549,0.13510671543548028,0.75
550,0.13508081260310437,0.75
551,0.1350557597669143,0.75
552,0.13503130893911788,0.75
553,0.13500744906761053,0.75
554,0.13498411438417546,0.75
555,0.13496132669901909,0.75
556,0.13493914572041368,0.75
557,0.13491741266316773,0.75
558,0.13489606758239284,0.75
559,0.13487355910614787,0.75
560,0.13484889379248666,0.75
561,0.13482460955658485,0.75
562,0.13480085982243406,0.75
563,0.13477771877906675,0.75
564,0.1347548078415204,0.75
565,0.13473255439628054,0.75
566,0.1347107209225974,0.75
567,0.1346892235840114,0.75
568,0.13466815891191974,0.75
569,0.13464755426387223,0.75
570,0.13462746133906647,0.75
571,0.13460764447960952,0.75
572,0.13458825850390888,0.75
573,0.1345692391784984,0.75
574,0.13455068525673067,0.75
575,0.13453244874957018,0.75
576,0.13451459862749052,0.75
577,0.13449705097403533,0.75
578,0.13447989104526015,0.75
579,0.13446304575069637,0.75
580,0.1344448130230248,0.75
581,0.13442653473506205,0.75
582,0.13440864081474183,0.75
583,0.13439098997271118,0.75
584,0.13437373751368287,0.75
585,0.13435674658375266,0.75
586,0.13434013957695257,0.75
587,0.13432388225748504,0.75
588,0.1343078232701298,0.75
589,0.13429203232187814,0.75
590,0.1342766027841319,0.75
591,0.13426136476609818,0.75
592,0.13424646409119748,0.75
593,0.1342318146400273,0.75
594,0.13421750549333145,0.75
595,0.1342034326841791,0.75
596,0.13418959411661346,0.75
597,0.13417605222500986,0.75
598,0.13416274005056883,0.75
599,0.13414962142467293,0.75
600,0.1341367101473784,0.75
601,0.13412349732181686,0.75
602,0.1341096470754978,0.75
603,0.13409593178794002,0.75
604,0.1340824179416683,0.75
605,0.13406911859086723,0.75
606,0.13405609904319138,0.75
607,0.13404335700309755,0.75
608,0.13402984974856302,0.75
609,0.13401592644102736,0.75
610,0.1340021981336742,0.75
611,0.13398868514286433,0.75
612,0.13397536794075748,0.75
613,0.13396230255381625,0.75
614,0.1339493933705286,0.75
615,0.13393674345348672,0.75
616,0.1339241611227232,0.75
617,0.1339117709044545,0.75
618,0.13389955904432616,0.75
619,0.13388748133425912,0.75
620,0.13387568176007694,0.75
621,0.13386388981076972,0.75
622,0.13385238945753045,0.75
623,0.13384098863149707,0.75
624,0.13382967934195103,0.75
625,0.13381864514433162,0.75
626,0.13380762859097697,0.75
627,0.13379689137775777,0.75
628,0.1337862064324976,0.75
629,0.13377558942595139,0.75
630,0.13376526423889182,0.75
631,0.13375496047256522,0.75
632,0.13374480990508567,0.75
633,0.13373484914783798,0.75
634,0.13372498356327922,0.75
635,0.13371525301228815,0.75
636,0.13370553651991005,0.75
637,0.13369602794014393,0.75
638,0.1336865405246405,0.75
639,0.13367725703876765,0.75
640,0.13366805521293146,0.75
641,0.13365905037879922,0.75
642,0.1336500250867172,0.75
643,0.13364122795115485,0.75
644,0.1336324476955321,0.75
645,0.13362381848583793,0.75
646,0.1336152835236991,0.75
647,0.1336068860726314,0.75
648,0.13359849576007402,0.75
649,0.13359026484687034,0.75
650,0.13358211357875285,0.75
651,0.1335739983650112,0.875
652,0.1335657224791448,0.875
653,0.13355701383344767,0.875
654,0.13354841516208885,0.875
655,0.133539883068858,0.875
656,0.13353138713205084,0.875
657,0.13352306662607863,0.875
658,0.13351477195168282,0.875
659,0.1335065987726102,0.875
660,0.13349850260364296,0.875
661,0.13349038365388513,0.875
662,0.13348239959889188,0.875
663,0.13347451834117477,0.875
664,0.13346668227368766,0.875
665,0.13345895184811277,0.875
666,0.13345129758676288,0.875
667,0.1334436306251059,0.875
668,0.13343616215676846,0.875
669,0.13342877558820213,0.875
670,0.13342141925136553,0.875
671,0.13341421360043948,0.875
672,0.13340677423578007,0.875
673,0.13339896561738407,0.875
674,0.13339139043145767,0.875
675,0.13338377634746915,0.875
676,0.13337621756995258,0.875
677,0.1333688191647574,0.875
678,0.133361385918381,0.875
679,0.13335403434417725,0.875
680,0.1333467162503844,0.875
681,0.13333949563169567,0.875
682,0.13333228156466392,0.875
683,0.1333251373545974,0.875
684,0.1333180368482748,0.875
685,0.1333110089315075,0.875
686,0.13330401535800865,0.875
687,0.1332971023569094,0.875
688,0.13329024010713245,0.875
689,0.13328340683136233,0.875
690,0.1332766466219205,0.875
691,0.13326994296561356,0.875
692,0.1332633005437317,0.875
693,0.13325669056331127,0.875
694,0.1332501246891259,0.875
695,0.13324361302112867,0.875
696,0.13323711666651994,0.875
697,0.13323081941477202,0.875
698,0.13322441472681937,0.875
699,0.13321811997435765,0.875
700,0.13321188744819135,0.875
701,0.1332056408239387,0.875
702,0.13319942050507375,0.875
703,0.1331932685537404,0.875
704,0.1331872177301423,0.875
705,0.13318110487758417,0.875
706,0.13317511992554945,0.875
707,0.1331690874883126,0.875
708,0.13316311178485643,0.875
709,0.1331572133314609,0.875
710,0.13315127120404838,0.875
711,0.1331454064958456,0.875
712,0.13313952752922154,0.875
713,0.13313374079779294,0.875
714,0.1331280448281762,0.875
715,0.13312234302539508,0.875
716,0.13311665076771306,0.875
717,0.1331109525196599,0.875
718,0.13310530858572958,0.875
719,0.13309969425520332,0.875
720,0.133094089026062,0.875
721,0.1330884922731853,0.875
722,0.1330830179569479,0.875
723,0.13307755285184866,0.875
724,0.13307207163156545,0.875
725,0.13306665021673872,0.875
726,0.13306119595182464,0.875
727,0.13305586811960612,0.875
728,0.13305059525303065,0.875
729,0.1330452559609514,0.875
730,0.13303986272445223,0.875
731,0.1330345583550696,0.875
732,0.13302927370877793,0.875
733,0.1330239819274165,0.875
734,0.1330188116422029,0.875
735,0.1330136274220928,0.875
736,0.13300848565176052,0.875
737,0.1330033216545169,0.875
738,0.1329982176627439,0.875
739,0.13299310093745098,0.875
740,0.1329880546391824,0.875
741,0.1329829802019249,0.875
742,0.1329778546974413,0.875
743,0.13297289615141764,0.875
744,0.13296786928963134,0.875
745,0.13296294216680352,0.875
746,0.1329579835090935,0.875
747,0.13295296709853768,0.875
748,0.1329480923169204,0.875
749,0.13294316834816589,0.875
750,0.13293825615496346,0.875
751,0.13293337812349162,0.875
752,0.1329284749774936,0.875
753,0.13292364355653954,0.875
754,0.13291885882912283,0.875
755,0.13291412949367723,0.875
756,0.1329091505603479,0.875
757,0.1329041015449183,0.875
758,0.13289905776439548,0.875
759,0.1328940616878608,0.875
760,0.13288906368280717,0.875
761,0.13288409600053142,0.875
762,0.132879152981941,0.875
763,0.1328742151021687,0.875
764,0.13286931264212076,0.875
765,0.13286436188265552,0.875
766,0.13285954120931223,0.875
767,0.13285478041408885,0.875
768,0.1328499962986819,0.875
769,0.13284516424695314,0.875
770,0.1328403589873942,0.875
771,0.13283554588160107,0.875
772,0.13283077379112318,0.875
773,0.13282607880258726,0.875
774,0.13282130216374025,0.875
775,0.13281662445357312,0.875
776,0.13281199131918212,0.875
777,0.1328072884251156,0.875
778,0.1328026921519039,0.875
779,0.13279800787340793,0.875
780,0.1327933505894252,0.875
781,0.13278868660404733,0.875
782,0.13278408559333532,0.875
783,0.13277943006414508,0.875
784,0.1327748991279868,0.875
785,0.1327703753125136,0.875
786,0.13276588752603338,0.875
787,0.13276135235285114,0.875
788,0.13275678760125623,0.875
789,0.13275230885696898,0.875
790,0.13274781302984043,0.875
791,0.13274330213165988,0.875
792,0.1327388996147778,0.875
793,0.13273448021432846,0.875
794,0.1327300413078795,0.875
795,0.1327255820582447,0.875
796,0.1327211695004892,0.875
797,0.1327168458928326,0.875
798,0.13271243633803864,0.875
799,0.13270805958147547,0.875
800,0.13270373989825082,0.875
801,0.1326994274114226,0.875
802,0.13269510252405214,0.875
803,0.1326907244771125,0.875
804,0.13268640555487546,0.875
805,0.1326822096528796,0.875
806,0.13267789895959403,0.875
807,0.1326736129877012,0.875
808,0.13266939298380853,0.875
809,0.13266509042573138,0.875
810,0.13266087187605816,0.875
811,0.13265661884895796,0.875
812,0.13265245514371804,0.875
813,0.13264830236799155,0.875
814,0.13264413561381808,0.875
815,0.13263995031004416,0.875
816,0.13263577921754488,0.875
817,0.1326316118189408,0.875
818,0.13262754354548512,0.875
819,0.1326235297818742,0.875
820,0.13261944433109252,0.875
821,0.13261538058675384,0.875
822,0.13261132412583942,0.875
823,0.1326072539349905,0.875
824,0.1326032499348,0.875
825,0.1325991609943007,0.875
826,0.13259513486678043,0.875
827,0.13259116691302233,0.875
828,0.13258718336679623,0.875
829,0.13258325916474403,0.875
830,0.1325793452734857,0.875
831,0.13257533270676447,0.875
832,0.13257135502764997,0.875
833,0.1325674248475094,0.875
834,0.13256353771588383,0.875
835,0.13255960030504677,0.875
836,0.13255567580387975,0.875
837,0.13255178802409476,0.875
838,0.1325479646698292,0.875
839,0.13254404538634226,0.875
840,0.13254012569681028,0.875
841,0.13253619363104466,0.875
842,0.1325322913690511,0.875
843,0.13252847264941472,0.875
844,0.13252456995178907,0.875
845,0.13252081046358177,0.875
846,0.1325169545247432,0.875
847,0.13251320446914241,0.875
848,0.13250944665427833,0.875
849,0.13250564033245782,0.875
850,0.13250180224349173,0.875
851,0.13249806139310583,0.875
852,0.13249424224188355,0.875
853,0.13249049435426652,0.875
854,0.13248671134467907,0.875
855,0.1324829381347069,0.875
856,0.13247917273107568,0.875
857,0.1324754470599815,0.875
858,0.13247173288602868,0.875
859,0.13246794796172356,0.875
860,0.1324642984193806,0.875
861,0.13246054970780385,0.875
862,0.13245688850851356,0.875
863,0.1324531589565812,0.875
864,0.13244949509754936,0.875
865,0.13244581689634574,0.875
866,0.1324421386105593,0.875
867,0.13243850904420873,0.875
868,0.13243485193709792,0.875
869,0.1324312426509262,0.875
870,0.13242760223923056,0.875
871,0.13242398867969074,0.875
872,0.13242036858114128,0.875
873,0.13241676844952832,0.875
874,0.13241314956455943,0.875
875,0.13240948887848225,0.875
876,0.13240589406534078,0.875
877,0.13240226514298106,0.875
878,0.13239863469988045,0.875
879,0.13239504593395604,0.875
880,0.1323915294000939,0.875
881,0.13238787328971982,0.875
882,0.13238435470268986,0.875
883,0.13238087865739612,0.875
884,0.132377304999771,0.875
885,0.13237374020484607,0.875
886,0.13237026670165256,0.875
887,0.13236675395103703,0.875
888,0.13236325505761062,0.875
889,0.13235973815690008,0.875
890,0.13235625554762542,0.875
891,0.1323527358398242,0.875
892,0.13234925664520603,0.875
893,0.13234577425486563,0.875
894,0.13234233711394486,0.875
895,0.1323388561626362,0.875
896,0.1323354229743764,0.875
897,0.1323319811534327,0.875
898,0.13232850897175744,0.875
899,0.13232497202327909,0.875
900,0.13232152746620318,0.875
901,0.13231807544872878,0.875
902,0.13231459322138342,0.875
903,0.13231125264481594,0.875
904,0.13230786863429744,0.875
905,0.1323044663602048,0.875
906,0.13230111776252107,0.875
907,0.1322977291116967,0.875
908,0.13229434763129447,0.875
909,0.13229101828231274,0.875
910,0.13228766248724055,0.875
911,0.1322842550197374,0.875
912,0.13228086556339425,0.875
913,0.13227759786554438,0.875
914,0.13227426896461125,0.875
915,0.13227085757882306,0.875
916,0.13226754672099228,0.875
917,0.13226415487787224,0.875
918,0.13226083574172343,0.875
919,0.13225747726560577,0.875
920,0.13225414588352416,0.875
921,0.13225081864658483,0.875
922,0.13224753465147576,0.875
923,0.13224429744123203,0.875
924,0.13224104177495966,0.875
925,0.13223777069812415,0.875
926,0.13223448557498485,0.875
927,0.13223126637169458,0.875
928,0.13222806391497788,0.875
929,0.1322248001367916,0.875
930,0.1322215745353651,0.875
931,0.13221829324841905,0.875
932,0.13221504565593648,0.875
933,0.13221180316199477,0.875
934,0.1322085466720482,0.875
935,0.13220539568683157,0.875
936,0.13220215288822168,0.875
937,0.13219901293145844,0.875
938,0.13219573919447491,0.875
939,0.13219257857276415,0.875
940,0.1321892901338091,0.875
941,0.13218613030163065,0.875
942,0.1321828410950664,0.875
943,0.13217972186107563,0.875
944,0.13217650846158668,0.875
945,0.13217336008606365,0.875
946,0.13217019418288622,0.875
947,0.13216709032221285,0.875
948,0.1321639197102548,0.875
949,0.13216079073155876,0.875
950,0.13215774251022538,0.875
951,0.13215459549517342,0.875
952,0.13215154586336508,0.875
953,0.13214837128449441,0.875
954,0.13214524499606864,0.875
955,0.13214220671679258,0.875
956,0.13213916303632334,0.875
957,0.13213604522053338,0.875
958,0.13213294245350085,0.875
959,0.13212985068695662,0.875
960,0.1321266893171168,0.875
961,0.13212362794787913,0.875
962,0.13212054463262446,0.875
963,0.132117456283378,0.875
964,0.13211432636847864,0.875
965,0.132111281273297,0.875
966,0.13210817615387374,0.875
967,0.13210524669759416,0.875
968,0.13210218499456716,0.875
969,0.132099145965333,0.875
970,0.13209612519482505,0.875
971,0.13209314237730033,0.875
972,0.13209014318250237,0.875
973,0.13208710247888478,0.875
974,0.13208409727923767,0.875
975,0.1320811027948574,0.875
976,0.132078057339452,0.875
977,0.13207507758890868,0.875
978,0.13207210136824987,0.875
979,0.13206909741997186,0.875
980,0.13206610304739397,0.875
981,0.13206304235302083,0.875
982,0.1320601423483864,0.875
983,0.1320571950353432,0.875
984,0.1320543296771195,0.875
985,0.13205135278501734,0.875
986,0.13204847217529894,0.875
987,0.13204544267663157,0.875
988,0.13204254900698065,0.875
989,0.13203955036874238,0.875
990,0.1320366883361952,0.875
991,0.13203381695584127,0.875
992,0.13203090914062512,0.875
993,0.13202793544916017,0.875
994,0.13202508132021384,0.875
995,0.13202217296579258,0.875
996,0.13201928742133154,0.875
997,0.1320164049785109,0.875
998,0.13201348299232266,0.875
999,0.13201061125325275,0.875
1000,0.13200765822029395,0.875
1001,0.13200480670426917,0.875
1002,0.13200196820199842,0.875
1003,0.13199911422305935,0.875
1004,0.1319962273134814,0.875
1005,0.13199333223769805,0.875
1006,0.13199051546408014,0.875
1007,0.13198761930364955,0.875
1008,0.1319847611816647,0.875
1009,0.13198190288840964,0.875
1010,0.13197908482381407,0.875
1011,0.131976214773898,0.875
1012,0.1319733858935479,0.875
1013,0.13197060560240095,0.875
1014,0.13196779990850974,0.875
1015,0.13196499382062912,0.875
1016,0.13196220575929973,0.875
1017,0.13195945274371867,0.875
1018,0.13195657964820906,0.875
1019,0.13195380380022995,0.875
1020,0.13195103408259667,0.875
1021,0.13194817836366013,0.875
1022,0.13194548288550914,0.875
1023,0.13194271908948507,0.875
1024,0.13194000695616404,0.875
1025,0.13193724038038135,0.875
1026,0.13193451488418084,0.875
1027,0.13193175938844448,0.875
1028,0.13192897735285591,0.875
1029,0.13192619090733537,0.875
1030,0.13192348776084362,0.875
1031,0.1319207679330111,0.875
1032,0.1319180788803687,0.875
1033,0.13191539273363187,0.875
1034,0.1319126816866173,0.875
1035,0.131910055113498,0.875
1036,0.13190736528904978,0.875
1037,0.1319046407973017,0.875
1038,0.1319019818744487,0.875
1039,0.13189935822465482,0.875
1040,0.1318967199587098,0.875
1041,0.1318940585564824,0.875
1042,0.13189142911797969,0.875
1043,0.13188886664783642,0.875
1044,0.13188624440863228,0.875
1045,0.13188362757860328,0.875
1046,0.13188105257973207,0.875
1047,0.13187847335702985,0.875
1048,0.13187589912908315,0.875
1049,0.13187324382009005,0.875
1050,0.1318706446044016,0.875
1051,0.13186800404627885,0.875
1052,0.13186536925642514,0.875
1053,0.1318627284744476,0.875
1054,0.13186007900179608,0.875
1055,0.13185752074408844,0.875
1056,0.13185490567330527,0.875
1057,0.13185227927499332,0.875
1058,0.13184970123954642,0.875
1059,0.1318471003964239,0.875
1060,0.1318444662117342,0.875
1061,0.13184196173635745,0.875
1062,0.13183941872726568,0.875
1063,0.13183691727673696,0.875
1064,0.13183442412823732,0.875
1065,0.13183179873241882,0.875
1066,0.13182930511758184,0.875
1067,0.13182671642513735,0.875
1068,0.131824208751307,0.875
1069,0.1318216525464511,0.875
1070,0.13181914692900565,0.875
1071,0.1318165790870245,0.875
1072,0.1318141007562819,0.875
1073,0.13181159053068828,0.875
1074,0.1318090142661622,0.875
1075,0.13180652782818836,0.875
1076,0.1318039969389495,0.875
1077,0.13180148076813636,0.875
1078,0.13179889049089533,0.875
1079,0.13179644879034147,0.875
1080,0.13179390498421883,0.875
1081,0.13179141133355723,0.875
1082,0.13178893052353213,0.875
1083,0.1317864366550471,0.875
1084,0.13178390363390646,0.875
1085,0.1317814063203037,0.875
1086,0.1317789648595912,0.875
1087,0.13177648807368317,0.875
1088,0.13177390493247343,0.875
1089,0.1317714057558571,0.875
1090,0.13176904086631347,0.875
1091,0.13176664875365685,0.875
1092,0.13176417608021054,0.875
1093,0.13176181443641277,0.875
1094,0.1317593823584298,0.875
1095,0.13175696146935115,0.875
1096,0.1317545393215334,0.875
1097,0.13175208476404754,0.875
1098,0.1317496612412309,0.875
1099,0.13174719345299427,0.875
1100,0.1317447886951352,0.875
1101,0.13174228922842057,0.875
1102,0.13173984074655312,0.875
1103,0.13173743245732672,0.875
1104,0.13173501095101037,0.875
1105,0.1317325867545931,0.875
1106,0.13173021176388802,0.875
1107,0.13172785983162086,0.875
1108,0.1317254476096903,0.875
1109,0.13172303167572796,0.875
1110,0.13172066699667132,0.875
1111,0.1317182772320751,0.875
1112,0.13171589131291808,0.875
1113,0.1317135244709905,0.875
1114,0.13171120951146822,0.875
1115,0.13170883913813403,0.875
1116,0.13170647758830978,0.875
1117,0.13170409524856397,0.875
1118,0.1317017549873386,0.875
1119,0.1316993397560006,0.875
1120,0.1316969917846841,0.875
1121,0.13169466637738858,0.875
1122,0.13169236106365292,0.875
1123,0.13168998016593259,0.875
1124,0.1316876384450647,0.875
1125,0.13168534385707034,0.875
1126,0.13168305018740556,0.875
1127,0.1316807612467861,0.875
1128,0.13167844164647413,0.875
1129,0.13167617074108373,0.875
1130,0.13167384716232292,0.875
1131,0.1316715473577688,0.875
1132,0.1316691923125225,0.875
1133,0.1316669878556106,0.875
1134,0.13166470915356324,0.875
1135,0.13166240441964153,0.875
1136,0.13166015144268073,0.875
1137,0.1316578941340193,0.875
1138,0.1316555709112132,0.875
1139,0.1316532196797836,0.875
1140,0.1316509110951615,0.875
1141,0.13164857146397513,0.875
1142,0.1316463082991918,0.875
1143,0.13164399541886018,0.875
1144,0.1316417339172975,0.875
1145,0.1316394946457191,0.875
1146,0.13163728504985198,0.875
1147,0.13163493660335882,0.875
1148,0.13163266918185737,0.875
1149,0.13163041135630693,0.875
1150,0.13162808406929083,0.875
1151,0.13162590537317834,0.875
1152,0.13162365347603114,0.875
1153,0.13162153071531557,0.875
1154,0.13161928413789728,0.875
1155,0.13161714396161764,0.875
1156,0.13161491480867196,0.875
1157,0.13161272142794492,0.875
1158,0.1316105280625375,0.875
1159,0.13160821953687274,0.875
1160,0.13160604827667513,0.875
1161,0.13160377204168627,0.875
1162,0.131601565283913,0.875
1163,0.13159927285845777,0.875
1164,0.1315970641815515,0.875
1165,0.1315948605859104,0.875
1166,0.1315926467807155,0.875
1167,0.1315904138342229,0.875
1168,0.1315882352693719,0.875
1169,0.13158598227907517,0.875
1170,0.1315837703323922,0.875
1171,0.13158157056176167,0.875
1172,0.13157938065268707,0.875
1173,0.1315771555544887,0.875
1174,0.13157500618053644,0.875
1175,0.1315727976905382,0.875
1176,0.1315706572543818,0.875
1177,0.13156855553251115,0.875
1178,0.1315664355522942,0.875
1179,0.13156430479282755,0.875
1180,0.13156217750786825,0.875
1181,0.13156007594247077,0.875
1182,0.13155798471229252,0.875
1183,0.13155587488070541,0.875
1184,0.13155380792092664,0.875
1185,0.13155171901254625,0.875
1186,0.13154956076803584,0.875
1187,0.13154738603578112,0.875
1188,0.13154524638821063,0.875
1189,0.1315431442864401,0.875
1190,0.13154100684126327,0.875
1191,0.13153888677928996,0.875
1192,0.13153676194637698,0.875
1193,0.13153465726354632,0.875
1194,0.1315325580975634,0.875
1195,0.13153042616206068,0.875
1196,0.13152824136991417,0.875
1197,0.13152611528824856,0.875
1198,0.13152400925601193,0.875
1199,0.13152183328397948,0.875
1200,0.13151971666647158,0.875
1201,0.13151766711799673,0.875
1202,0.13151561647992127,0.875
1203,0.13151367081434387,0.875
1204,0.1315116203535298,0.875
1205,0.1315096167906623,0.875
1206,0.13150759510124224,0.875
1207,0.1315055799895807,0.875
1208,0.13150358457000977,0.875
1209,0.13150150423405907,0.875
1210,0.13149951431963092,0.875
1211,0.13149748830402067,0.875
1212,0.13149547913050053,0.875
1213,0.13149350904210766,0.875
1214,0.13149147747422818,0.875
1215,0.13148946433817302,0.875
1216,0.13148738794755324,0.875
1217,0.13148535718437482,0.875
1218,0.13148326668904198,0.875
1219,0.13148128027246522,0.875
1220,0.1314792011822894,0.875
1221,0.1314771825968034,0.875
1222,0.13147508779668052,0.875
1223,0.13147313374698824,0.875
1224,0.1314710738840589,0.875
1225,0.13146907313963044,0.875
1226,0.13146697534013155,0.875
1227,0.13146498354437833,0.875
1228,0.13146289671998235,0.875
1229,0.13146091038692767,0.875
1230,0.13145894339158862,0.875
1231,0.1314569491177943,0.875
1232,0.13145490910449276,0.875
1233,0.13145292701737676,0.875
1234,0.13145103752517362,0.875
1235,0.13144903966190838,0.875
1236,0.13144705402963144,0.875
1237,0.13144511846643706,0.875
1238,0.1314431455931571,0.875
1239,0.1314412209346936,0.875
1240,0.13143922621578907,0.875
1241,0.13143729688095965,0.875
1242,0.13143543550364156,0.875
1243,0.13143349986669253,0.875
1244,0.1314315794615457,0.875
1245,0.13142969295704998,0.875
1246,0.1314277561059494,0.875
1247,0.13142574237118668,0.875
1248,0.13142378237990873,0.875
1249,0.13142174664874343,0.875
1250,0.13141983981458452,0.875
1251,0.13141788186217873,0.875
1252,0.1314159032981276,0.875
1253,0.13141400266796946,0.875
1254,0.131412066742569,0.875
1255,0.13141017037239666,0.875
1256,0.13140816656774224,0.875
1257,0.1314062135795454,0.875
1258,0.13140429885336272,0.875
1259,0.1314023825380856,0.875
1260,0.13140047912798905,0.875
1261,0.13139856499358218,0.875
1262,0.13139661980191342,0.875
1263,0.13139468671325516,0.875
1264,0.1313928180617551,0.875
1265,0.13139090644913876,0.875
1266,0.131389025332069,0.875
1267,0.1313872117573676,0.875
1268,0.13138532815772688,0.875
1269,0.13138347468965528,0.875
1270,0.13138167161492378,0.875
1271,0.1313798599207552,0.875
1272,0.1313779748121975,0.875
1273,0.13137611558461407,0.875
1274,0.13137428771841744,0.875
1275,0.13137244645764856,0.875
1276,0.1313705806216098,0.875
1277,0.1313686239320864,0.875
1278,0.13136683319969722,0.875
1279,0.13136492484925533,0.875
1280,0.13136304136529764,0.875
1281,0.13136116043435664,0.875
1282,0.13135928701743338,0.875
1283,0.13135740195660628,0.875
1284,0.13135550081109548,0.875
1285,0.13135365234000107,0.875
1286,0.13135182386341573,0.875
1287,0.13135000528693885,0.875
1288,0.13134811744238198,0.875
1289,0.13134624329140654,0.875
1290,0.13134445054417035,0.875
1291,0.13134250560137073,0.875
1292,0.13134072634833116,0.875
1293,0.13133891992390234,0.875
1294,0.13133707433857458,0.875
1295,0.13133528147508022,0.875
1296,0.131333472237516,0.875
1297,0.13133164769038919,0.875
1298,0.1313297937403001,0.875
1299,0.1313279923834868,0.875
1300,0.1313261429101518,0.875
1301,0.13132436487495816,0.875
1302,0.13132253228702695,0.875
1303,0.131320759576419,0.875
1304,0.13131897660514646,0.875
1305,0.13131718287885988,0.875
1306,0.13131544402652698,0.875
1307,0.13131370241378285,0.875
1308,0.13131192522244597,0.875
1309,0.13131022905691828,0.875
1310,0.13130842008433555,0.875
1311,0.13130658130895748,0.875
1312,0.13130484123006003,0.875
1313,0.1313031398968214,0.875
1314,0.13130130112700514,0.875
1315,0.1312995604710775,0.875
1316,0.13129779845949532,0.875
1317,0.13129600302882793,0.875
1318,0.13129419983052648,0.875
1319,0.1312924299368561,0.875
1320,0.13129067182760026,0.875
1321,0.1312889244344324,0.875
1322,0.13128716370078977,0.875
1323,0.13128541596874044,0.875
1324,0.1312836813779872,0.875
1325,0.1312819270771387,0.875
1326,0.13128017628752478,0.875
1327,0.13127840914660308,0.875
1328,0.13127668445237642,0.875
1329,0.13127488394883005,0.875
1330,0.1312731597122131,0.875
1331,0.13127136733681866,0.875
1332,0.13126956075646326,0.875
1333,0.13126778877645395,0.875
1334,0.13126604035372413,0.875
1335,0.13126432759213738,0.875
1336,0.13126267286936313,0.875
1337,0.13126102303728682,0.875
1338,0.13125933412399893,0.875
1339,0.13125759396007808,0.875
1340,0.13125593226301302,0.875
1341,0.1312542742914238,0.875
1342,0.13125250758778076,0.875
1343,0.1312507891832725,0.875
1344,0.13124910249814972,0.875
1345,0.13124747661259586,0.875
1346,0.13124574979340953,0.875
1347,0.13124406001032152,0.875
1348,0.13124241552340377,0.875
1349,0.13124083041272017,0.875
1350,0.13123918945224333,0.875
1351,0.13123752222859875,0.875
1352,0.1312358105543191,0.875
1353,0.131234202228418,0.875
1354,0.13123251296740368,0.875
1355,0.13123083096022461,0.875
1356,0.13122916922043462,0.875
1357,0.13122750455492505,0.875
1358,0.131225818756317,0.875
1359,0.13122416252418526,0.875
1360,0.1312224721361568,0.875
1361,0.1312208066927154,0.875
1362,0.131219105174893,0.875
1363,0.1312174858997538,0.875
1364,0.13121577550237765,0.875
1365,0.13121411944834327,0.875
1366,0.13121246807646036,0.875
1367,0.13121079663159985,0.875
1368,0.13120915078246997,0.875
1369,0.13120746917463402,0.875
1370,0.1312058175426705,0.875
1371,0.13120415143856334,0.875
1372,0.13120259790536773,0.875
1373,0.13120094754978662,0.875
1374,0.1311993213047371,0.875
1375,0.13119770346034768,0.875
1376,0.1311961064420789,0.875
1377,0.1311945333265412,0.875
1378,0.1311929407766486,0.875
1379,0.1311913784615514,0.875
1380,0.13118986213209705,0.875
1381,0.13118834268937207,0.875
1382,0.13118673251881088,0.875
1383,0.1311852066882974,0.875
1384,0.131183612934517,0.875
1385,0.13118204971359915,0.875
1386,0.1311804443015212,0.875
1387,0.1311788372582653,0.875
1388,0.1311773008496915,0.875
1389,0.13117575607419132,0.875
1390,0.13117419291513835,0.875
1391,0.1311725853606445,0.875
1392,0.13117111782171886,0.875
1393,0.13116952478689528,0.875
1394,0.13116791663226846,0.875
1395,0.131166311304206,0.875
1396,0.13116470404509306,0.875
1397,0.13116310108720144,0.875
1398,0.13116149362229892,0.875
1399,0.1311598892471234,0.875
1400,0.13115829353609312,0.875
1401,0.13115671528834652,0.875
1402,0.13115509942809744,0.875
1403,0.13115350523876904,0.875
1404,0.13115187708922196,0.875
1405,0.13115031919198716,0.875
1406,0.1311487177592964,0.875
1407,0.13114712858259603,0.875
1408,0.13114556915852793,0.875
1409,0.1311440628924948,0.875
1410,0.1311426078725352,0.875
1411,0.13114107596881586,0.875
1412,0.13113955409777148,0.875
1413,0.13113810991151978,0.875
1414,0.13113659989988327,0.875
1415,0.1311350815792153,0.875
1416,0.1311336031911872,0.875
1417,0.13113211758418156,0.875
1418,0.1311305171563696,0.875
1419,0.13112900659702245,0.875
1420,0.13112751352166363,0.875
1421,0.13112594973955807,0.875
1422,0.13112450565585912,0.875
1423,0.1311230014500823,0.875
1424,0.13112152337956628,0.875
1425,0.1311200413470891,0.875
1426,0.1311185264054826,0.875
1427,0.1311170654596181,0.875
1428,0.13111556229503796,0.875
1429,0.1311139947296287,0.875
1430,0.13111240749049305,0.875
1431,0.1311109019055491,0.875
1432,0.13110938190601484,0.875
1433,0.13110787079873965,0.875
1434,0.13110632412766698,0.875
1435,0.13110481434003998,0.875
1436,0.13110329770929652,0.875
1437,0.1311017944997386,0.875
1438,0.1311003301166445,0.875
1439,0.13109878657861732,0.875
1440,0.13109727758678605,0.875
1441,0.13109575356742856,0.875
1442,0.13109423559330569,0.875
1443,0.13109272477891243,0.875
1444,0.13109123373446122,0.875
1445,0.13108979208208482,0.875
1446,0.1310882331106409,0.875
1447,0.13108683924044884,0.875
1448,0.13108544220260288,0.875
1449,0.13108397542331598,0.875
1450,0.1310825075825346,0.875
1451,0.13108107515604908,0.875
1452,0.13107967132642143,0.875
1453,0.13107826017866586,0.875
1454,0.13107676666958415,0.875
1455,0.1310753207400617,0.875
1456,0.1310739831926935,0.875
1457,0.13107253643232167,0.875
1458,0.13107110297126115,0.875
1459,0.13106966323152994,0.875
1460,0.13106828662301095,0.875
1461,0.13106683640695782,0.875
1462,0.13106532767220883,0.875
1463,0.1310639020954617,0.875
1464,0.13106245961554142,0.875
1465,0.13106092368118064,0.875
1466,0.1310594615029025,0.875
1467,0.13105802273842518,0.875
1468,0.13105665009821588,0.875
1469,0.13105521695183012,0.875
1470,0.13105372433107956,0.875
1471,0.13105230437622561,0.875
1472,0.13105092042606917,0.875
1473,0.1310494933906501,0.875
1474,0.13104804031325382,0.875
1475,0.13104659780608632,0.875
1476,0.1310451867982676,0.875
1477,0.13104370653508937,0.875
1478,0.1310422631322097,0.875
1479,0.13104075034785378,0.875
1480,0.13103929914057447,0.875
1481,0.13103785707902205,0.875
1482,0.13103646404851346,0.875
1483,0.13103499394419194,0.875
1484,0.13103362969394153,0.875
1485,0.13103219347557726,0.875
1486,0.13103081102778438,0.875
1487,0.13102940101958774,0.875
1488,0.13102796008304174,0.875
1489,0.1310265111128164,0.875
1490,0.131025145736037,0.875
1491,0.13102379588007484,0.875
1492,0.13102232244047998,0.875
1493,0.13102099515141818,0.875
1494,0.13101963466871228,0.875
1495,0.13101825659652225,0.875
1496,0.13101682758759428,0.875
1497,0.13101546950800125,0.875
1498,0.1310141261161535,0.875
1499,0.13101275264296589,0.875
1500,0.1310113603044416,0.875
1501,0.13100999838991903,0.875
1502,0.13100865834415756,0.875
1503,0.13100725281799322,0.875
1504,0.13100587308326195,0.875
1505,0.13100450131052999,0.875
1506,0.1310031738006823,0.875
1507,0.13100182055820597,0.875
1508,0.13100042410809212,0.875
1509,0.13099910283440563,0.875
1510,0.1309977717143476,0.875
1511,0.1309963895014732,0.875
1512,0.13099497415385888,0.875
1513,0.13099355596930162,0.875
1514,0.130992260282391,0.875
1515,0.1309910073310631,0.875
1516,0.13098960086911648,0.875
1517,0.13098832773141814,0.875
1518,0.13098699448340845,0.875
1519,0.13098575223831935,0.875
1520,0.13098441526496396,0.875
1521,0.13098312741279594,0.875
1522,0.1309818295092219,0.875
1523,0.13098051697801372,0.875
1524,0.13097920656509765,0.875
1525,0.1309778046631034,0.875
1526,0.13097649123102917,0.875
1527,0.1309750756559788,0.875
1528,0.13097370439041092,0.875
1529,0.13097230603950208,0.875
1530,0.13097091819264997,0.875
1531,0.13096959431761404,0.875
1532,0.1309682342348074,0.875
1533,0.13096695308949916,0.875
1534,0.1309656139735329,0.875
1535,0.13096427305020789,0.875
1536,0.13096298923168317,0.875
1537,0.1309616569317309,0.875
1538,0.1309603064529784,0.875
1539,0.13095902670758,0.875
1540,0.1309577151573229,0.875
1541,0.13095632341130672,0.875
1542,0.1309550041955784,0.875
1543,0.1309537209009838,0.875
1544,0.1309524347699256,0.875
1545,0.13095108631091534,0.875
1546,0.13094972452627363,0.875
1547,0.13094850203713293,0.875
1548,0.13094720414132013,0.875
1549,0.13094584900010323,0.875
1550,0.1309445302766551,0.875
1551,0.13094325655480576,0.875
1552,0.13094199147732255,0.875
1553,0.13094071576377264,0.875
1554,0.13093942165814468,0.875
1555,0.13093822144546377,0.875
1556,0.1309368967975593,0.875
1557,0.13093565711082525,0.875
1558,0.1309342778078583,0.875
1559,0.1309330727464253,0.875
1560,0.1309317536491901,0.875
1561,0.13093043782739425,0.875
1562,0.1309291210861301,0.875
1563,0.13092789929606696,0.875
1564,0.1309266434707097,0.875
1565,0.13092534272299217,0.875
1566,0.13092404260770066,0.875
1567,0.13092283563916107,0.875
1568,0.13092155527573304,0.875
1569,0.13092029435608066,0.875
1570,0.13091899841073443,0.875
1571,0.1309177582965472,0.875
1572,0.13091654136724354,0.875
1573,0.13091527352594037,0.875
1574,0.1309139130701803,0.875
1575,0.13091256776883411,0.875
1576,0.1309112662615166,0.875
1577,0.13090996614924935,0.875
1578,0.13090869364930316,0.875
1579,0.13090742687258017,0.875
1580,0.13090618011704225,0.875
1581,0.13090491661736495,0.875
1582,0.13090376887945843,0.875
1583,0.13090251054282087,0.875
1584,0.13090134207085868,0.875
1585,0.1309000093819759,0.875
1586,0.13089882634404817,0.875
1587,0.13089757343604635,0.875
1588,0.13089633040079163,0.875
1589,0.13089502099136643,0.875
1590,0.13089380158372865,0.875
1591,0.13089261943750297,0.875
1592,0.13089134949756767,0.875
1593,0.1308901383337934,0.875
1594,0.13088891415054418,0.875
1595,0.13088776766891996,0.875
1596,0.1308865276736616,0.875
1597,0.1308852826833583,0.875
1598,0.1308840724005527,0.875
1599,0.13088291646905517,0.875
1600,0.13088165654055198,0.875
1601,0.13088044459987028,0.875
1602,0.13087927764104557,0.875
1603,0.13087808945078885,0.875
1604,0.1308768539397448,0.875
1605,0.13087567172474357,0.875
1606,0.13087446338530395,0.875
1607,0.130873282262066,0.875
1608,0.1308720883561847,0.875
1609,0.13087084305268284,0.875
1610,0.13086958286241682,0.875
1611,0.1308684221805089,0.875
1612,0.13086718541223075,0.875
1613,0.13086595179082539,0.875
1614,0.13086483595032009,0.875
1615,0.13086363468029139,0.875
1616,0.13086247771914064,0.875
1617,0.1308612405947205,0.875
1618,0.13086011110189155,0.875
1619,0.1308588352778524,0.875
1620,0.13085766193187578,0.875
1621,0.13085640444850336,0.875
1622,0.13085527151490806,0.875
1623,0.1308540716013017,0.875
1624,0.13085275805941823,0.875
1625,0.13085150099643816,0.875
1626,0.13085036915590698,0.875
1627,0.13084913617676242,0.875
1628,0.1308478920840045,0.875
1629,0.13084668316856896,0.875
1630,0.1308455161685902,0.875
1631,0.13084440715034318,0.875
1632,0.13084329852557275,0.875
1633,0.1308421323858383,0.875
1634,0.13084098514764153,0.875
1635,0.1308399147074172,0.875
1636,0.13083867687954565,0.875
1637,0.13083750471558045,0.875
1638,0.1308363222342435,0.875
1639,0.1308352021910744,0.875
1640,0.130834048629641,0.875
1641,0.1308328422766324,0.875
1642,0.13083169299568378,0.875
1643,0.13083052862003008,0.875
1644,0.13082940062317408,0.875
1645,0.13082821814750623,0.875
1646,0.13082706175021974,0.875
1647,0.13082590573159625,0.875
1648,0.13082473959096996,0.875
1649,0.13082353845886385,0.875
1650,0.13082241405919637,0.875
1651,0.13082124401473816,0.875
1652,0.1308200840094439,0.875
1653,0.1308188846321318,0.875
1654,0.13081775936181375,0.875
1655,0.13081656882585393,0.875
1656,0.13081544157571537,0.875
1657,0.13081421873173682,0.875
1658,0.13081311935665077,0.875
1659,0.13081197382407542,0.875
1660,0.1308108085520645,0.875
1661,0.13080962888478864,0.875
1662,0.13080847375832205,0.875
1663,0.1308073067500405,0.875
1664,0.13080612342494835,0.875
1665,0.13080502696648624,0.875
1666,0.13080387319423117,0.875
1667,0.1308027626819487,0.875
1668,0.1308015805828494,0.875
1669,0.13080048256493296,0.875
1670,0.13079931712477824,0.875
1671,0.13079826544626608,0.875
1672,0.13079703646435403,0.875
1673,0.13079602342300778,0.875
1674,0.13079502847484328,0.875
1675,0.1307939663678083,0.875
1676,0.13079287993439306,0.875
1677,0.13079172346700185,0.875
1678,0.1307906255593906,0.875
1679,0.13078943056007364,0.875
1680,0.1307882906892297,0.875
1681,0.1307872133940916,0.875
1682,0.13078607406140075,0.875
1683,0.13078499149302325,0.875
1684,0.13078391758029276,0.875
1685,0.13078283343290553,0.875
1686,0.1307817028291136,0.875
1687,0.13078065696787777,0.875
1688,0.13077952631861112,0.875
1689,0.13077841979215343,0.875
1690,0.1307773769365224,0.875
1691,0.13077616647365856,0.875
1692,0.1307750489367996,0.875
1693,0.13077391661609908,0.875
1694,0.13077286325146933,0.875
1695,0.13077174947813233,0.875
1696,0.13077066679147153,0.875
1697,0.13076949835696872,0.875
1698,0.13076847955395865,0.875
1699,0.13076726310254805,0.875
1700,0.13076626085036794,0.875
1701,0.13076524953978466,0.875
1702,0.1307641638328814,0.875
1703,0.13076308132688322,0.875
1704,0.13076187895709768,0.875
1705,0.13076084893606466,0.875
1706,0.1307597635527019,0.875
1707,0.1307586336856178,0.875
1708,0.13075751005045588,0.875
1709,0.13075634969828442,0.875
1710,0.13075526017687392,0.875
1711,0.13075415293827763,0.875
1712,0.13075307145864878,0.875
1713,0.1307519609670873,0.875
1714,0.13075087624670967,0.875
1715,0.13074976146344533,0.875
1716,0.13074858324936559,0.875
1717,0.13074757517169835,0.875
1718,0.13074653816552806,0.875
1719,0.1307454665604949,0.875
1720,0.1307443512005202,0.875
1721,0.1307433943096479,0.875
1722,0.1307423608876153,0.875
1723,0.13074128418153,0.875
1724,0.1307402058796614,0.875
1725,0.13073922287189813,0.875
1726,0.13073822523991896,0.875
1727,0.1307372270866574,0.875
1728,0.13073621365003488,0.875
1729,0.13073524769591063,0.875
1730,0.1307342090165188,0.875
1731,0.13073321219712988,0.875
1732,0.13073217764715683,0.875
1733,0.13073106809201598,0.875
1734,0.13073005847792074,0.875
1735,0.13072897384083482,0.875
1736,0.13072794576232152,0.875
1737,0.13072684648768676,0.875
1738,0.13072581612160494,0.875
1739,0.13072478610538152,0.875
1740,0.1307237607333872,0.875
1741,0.1307226590359132,0.875
1742,0.13072162569581183,0.875
1743,0.13072064431249164,0.875
1744,0.13071961921051037,0.875
1745,0.13071847162288433,0.875
1746,0.13071742664967803,0.875
1747,0.1307163961525926,0.875
1748,0.1307153122479047,0.875
1749,0.1307142610428681,0.875
1750,0.13071320104789308,0.875
1751,0.13071214984267132,0.875
1752,0.13071108359300276,0.875
1753,0.13070999055027144,0.875
1754,0.13070901005820526,0.875
1755,0.13070799305314718,0.875
1756,0.13070696934414386,0.875
1757,0.13070586897375783,0.875
1758,0.13070482607167958,0.875
1759,0.13070385353473404,0.875
1760,0.13070273048619932,0.875
1761,0.13070168386843653,0.875
1762,0.1307005856285686,0.875
1763,0.13069959202817993,0.875
1764,0.1306984956818106,0.875
1765,0.1306974887243303,0.875
1766,0.13069645894615134,0.875
1767,0.1306954539033114,0.875
1768,0.13069442950928567,0.875
1769,0.13069338127643249,0.875
1770,0.13069238851699896,0.875
1771,0.13069144312793546,0.875
1772,0.13069035990316505,0.875
1773,0.13068933261372098,0.875
1774,0.13068831134929396,0.875
1775,0.13068736734275013,0.875
1776,0.13068630212674284,0.875
1777,0.13068526856767626,0.875
1778,0.13068429483102986,0.875
1779,0.1306833270511143,0.875
1780,0.13068228573287988,0.875
1781,0.13068125164619684,0.875
1782,0.13068035101560707,0.875
1783,0.13067937157099974,0.875
1784,0.13067842113843234,0.875
1785,0.130677382370912,0.875
1786,0.13067645666968108,0.875
1787,0.13067544596059122,0.875
1788,0.1306744917732269,0.875
1789,0.13067342832381415,0.875
1790,0.13067253435876902,0.875
1791,0.13067152136998994,0.875
1792,0.13067049610485207,0.875
1793,0.1306695354204729,0.875
1794,0.1306686163170271,0.875
1795,0.13066762404685264,0.875
1796,0.13066660963061086,0.875
1797,0.13066566341552355,0.875
1798,0.13066465063020805,0.875
1799,0.13066363142376838,0.875
1800,0.13066262729915523,0.875
1801,0.13066160458197099,0.875
1802,0.13066056084101518,0.875
1803,0.13065948230393234,0.875
1804,0.13065851148555244,0.875
1805,0.13065747180232057,0.875
1806,0.1306564903107668,0.875
1807,0.13065545900456121,0.875
1808,0.13065443588203574,0.875
1809,0.13065347198923918,0.875
1810,0.13065242043307268,0.875
1811,0.1306515308129973,0.875
1812,0.1306505652480822,0.875
1813,0.13064964836992643,0.875
1814,0.13064871447639984,0.875
1815,0.13064768507506463,0.875
1816,0.1306467582198513,0.875
1817,0.1306458327766771,0.875
1818,0.13064484913044683,0.875
1819,0.13064386295918973,0.875
1820,0.13064292665524116,0.875
1821,0.13064197699013272,0.875
1822,0.13064099400826967,0.875
1823,0.13064000239125764,0.875
1824,0.1306391157154494,0.875
1825,0.1306382054306239,0.875
1826,0.13063720479047938,0.875
1827,0.13063622706331837,0.875
1828,0.1306353452105895,0.875
1829,0.130634421933015,0.875
1830,0.13063345293465978,0.875
1831,0.13063245295537887,0.875
1832,0.13063151520610675,0.875
1833,0.13063056896311986,0.875
1834,0.1306296106166147,0.875
1835,0.13062858035860692,0.875
1836,0.1306276908063794,0.875
1837,0.13062677557717398,0.875
1838,0.1306258164281249,0.875
1839,0.13062490189236065,0.875
1840,0.13062398967191202,0.875
1841,0.13062316492929604,0.875
1842,0.1306222177223885,0.875
1843,0.13062132655745387,0.875
1844,0.13062037544973995,0.875
1845,0.1306194389398342,0.875
1846,0.1306185435970764,0.875
1847,0.13061761295200672,0.875
1848,0.1306166891506342,0.875
1849,0.13061583162659007,0.875
1850,0.13061489121749725,0.875
1851,0.1306140346854068,0.875
1852,0.13061314055078221,0.875
1853,0.13061219750730102,0.875
1854,0.13061129218415224,0.875
1855,0.1306103667680291,0.875
1856,0.1306094408637676,0.875
1857,0.13060849505501493,0.875
1858,0.13060752396886832,0.875
1859,0.13060660697924464,0.875
1860,0.1306055674172454,0.875
1861,0.13060465978016955,0.875
1862,0.1306037200423348,0.875
1863,0.1306028005801956,0.875
1864,0.13060183976351447,0.875
1865,0.13060092474367893,0.875
1866,0.13060003483486485,0.875
1867,0.13059916221732507,0.875
1868,0.1305982885959287,0.875
1869,0.1305973422092224,0.875
1870,0.13059647002914912,0.875
1871,0.13059561161266223,0.875
1872,0.13059471313517823,0.875
1873,0.130593842444633,0.875
1874,0.13059295861262568,0.875
1875,0.1305920529811384,0.875
1876,0.13059112558318212,0.875
1877,0.1305902309511852,0.875
1878,0.13058934537917788,0.875
1879,0.13058845369139807,0.875
1880,0.13058753019515948,0.875
1881,0.13058661689652784,0.875
1882,0.13058572016894998,0.875
1883,0.1305848655771482,0.875
1884,0.1305839136143765,0.875
1885,0.13058304238767063,0.875
1886,0.13058217446325396,0.875
1887,0.13058133823256546,0.875
1888,0.13058047457529,0.875
1889,0.13057953149420842,0.875
1890,0.1305786539141499,0.875
1891,0.1305777587933569,0.875
1892,0.1305768313171635,0.875
1893,0.1305759242817991,0.875
1894,0.13057503892753286,0.875
1895,0.1305741641559215,0.875
1896,0.13057323890271555,0.875
1897,0.13057229363586467,0.875
1898,0.1305714595194444,0.875
1899,0.13057061908135847,0.875
1900,0.13056984221186077,0.875
1901,0.13056891858807673,0.875
1902,0.13056808402402445,0.875
1903,0.1305672114153773,0.875
1904,0.13056635690867915,0.875
1905,0.13056546874311561,0.875
1906,0.13056470458792024,0.875
1907,0.13056380553386981,0.875
1908,0.13056296789154198,0.875
1909,0.13056209329196358,0.875
1910,0.13056131832240137,0.875
1911,0.1305604645511883,0.875
1912,0.1305597055320279,0.875
1913,0.13055883889408904,0.875
1914,0.13055803386983003,0.875
1915,0.13055716533274578,0.875
1916,0.13055628233741293,0.875
1917,0.1305554580573337,0.875
1918,0.13055466290960996,0.875
1919,0.13055371103458868,0.875
1920,0.13055281921634132,0.875
1921,0.13055192085674883,0.875
1922,0.13055100510486964,0.875
1923,0.13055008627344536,0.875
1924,0.13054918437760435,0.875
1925,0.1305483752674559,0.875
1926,0.13054750168317197,0.875
1927,0.1305466023584475,0.875
1928,0.13054574651051853,0.875
1929,0.13054489128825664,0.875
1930,0.13054408846203028,0.875
1931,0.13054320454368318,0.875
1932,0.1305423772237757,0.875
1933,0.13054153266386836,0.875
1934,0.13054065889513944,0.875
1935,0.13053981416549534,0.875
1936,0.13053885893345588,0.875
1937,0.13053806478704122,0.875
1938,0.13053719301868683,0.875
1939,0.13053625861112894,0.875
1940,0.13053536369057828,0.875
1941,0.13053450730082342,0.875
1942,0.13053371038917494,0.875
1943,0.1305328120234589,0.875
1944,0.13053193728297752,0.875
1945,0.1305310927352086,0.875
1946,0.13053027879002158,0.875
1947,0.1305294169816339,0.875
1948,0.13052862321817904,0.875
1949,0.13052780293613175,0.875
1950,0.13052698467789584,0.875
1951,0.13052607952177978,0.875
1952,0.13052519563097845,0.875
1953,0.13052436529150857,0.875
1954,0.1305234786961398,0.875
1955,0.13052258207124878,0.875
1956,0.13052174659963037,0.875
1957,0.130520890985407,0.875
1958,0.13052001458093454,0.875
1959,0.13051911247870063,0.875
1960,0.1305182962980258,0.875
1961,0.130517527055932,0.875
1962,0.13051662809986342,0.875
1963,0.13051586726623254,0.875
1964,0.13051501651293143,0.875
1965,0.13051426080345396,0.875
1966,0.13051343953977737,0.875
1967,0.1305127780356412,0.875
1968,0.1305119161820645,0.875
1969,0.13051119036666106,0.875
1970,0.13051041099450747,0.875
1971,0.13050965306043263,0.875
1972,0.1305088788159432,0.875
1973,0.13050815409421956,0.875
1974,0.13050739263600544,0.875
1975,0.13050662366046487,0.875
1976,0.13050585888760735,0.875
1977,0.13050515836026735,0.875
1978,0.1305043537494827,0.875
1979,0.13050366941670277,0.875
1980,0.13050289124643522,0.875
1981,0.13050212634309388,0.875
1982,0.13050139463689983,0.875
1983,0.13050051500692417,0.875
1984,0.13049963147959845,0.875
1985,0.1304988169589868,0.875
1986,0.1304980479191281,0.875
1987,0.1304971656354701,0.875
1988,0.13049639322863416,0.875
1989,0.13049562787412464,0.875
1990,0.13049483577481105,0.875
1991,0.13049405192966979,0.875
1992,0.13049322289543966,0.875
1993,0.13049246639346757,0.875
1994,0.1304917406611058,0.875
1995,0.13049094482236945,0.875
1996,0.1304901629905815,0.875
1997,0.13048940566175138,0.875
1998,0.1304885156072423,0.875
1999,0.13048777220449426,0.875
2000,0.13048698529126948,0.875
